id;Timestamp;FPS;ComponentType;ComponentID;SensorType;SensorID;Value
0;6096035;0;lpc;nct6791d;Fan;1;1135
0;6096035;0;lpc;nct6791d;Voltage;9;1,008
0;6096035;0;lpc;nct6791d;Voltage;1;1,016
0;6096035;0;nvidiagpu;0;Load;3;10,45049
0;6096035;0;lpc;nct6791d;Voltage;5;2,008
0;6096035;0;hdd;0;Load;0;66,94803
0;6096035;0;intelcpu;0;Temperature;1;48
0;6096035;0;lpc;nct6791d;Control;3;76,07843
0;6096035;0;nvidiagpu;0;Clock;0;139
0;6096035;0;intelcpu;0;Power;2;0
0;6096035;0;intelcpu;0;Clock;1;799,5371
0;6096035;0;intelcpu;0;Load;1;0
0;6096035;0;nvidiagpu;0;Load;1;3
0;6096035;0;ram;N/A;Load;0;28,70056
0;6096035;0;lpc;nct6791d;Fan;2;920
0;6096035;0;nvidiagpu;0;SmallData;2;321,0391
0;6096035;0;lpc;nct6791d;Voltage;3;3,376
0;6096035;0;hdd;0;Temperature;0;30
0;6096035;0;lpc;nct6791d;Control;0;76,07843
0;6096035;0;lpc;nct6791d;Voltage;7;3,456
0;6096035;0;hdd;1;Temperature;0;31
0;6096035;0;nvidiagpu;0;Temperature;0;55
0;6096035;0;intelcpu;0;Power;0;6,564705
0;6096035;0;intelcpu;0;Temperature;3;50
0;6096035;0;lpc;nct6791d;Control;5;100
0;6096035;0;nvidiagpu;0;Clock;2;278
0;6096035;0;intelcpu;0;Clock;0;99,94214
0;6096035;0;intelcpu;0;Clock;3;799,5371
0;6096035;0;intelcpu;0;Load;3;0
0;6096035;0;nvidiagpu;0;Control;0;29
0;6096035;0;ram;N/A;Data;1;5,660908
0;6096035;0;lpc;nct6791d;Voltage;14;0,04
0;6096035;0;lpc;nct6791d;Temperature;3;104
0;6096035;0;intelcpu;0;Load;0;1,171875
0;6096035;0;lpc;nct6791d;Voltage;12;0,072
0;6096035;0;lpc;nct6791d;Voltage;13;0,04
0;6096035;0;lpc;nct6791d;Temperature;1;47
0;6096035;0;lpc;nct6791d;Voltage;2;3,376
0;6096035;0;lpc;nct6791d;Voltage;11;1
0;6096035;0;nvidiagpu;0;Load;0;0
0;6096035;0;lpc;nct6791d;Voltage;0;0,8880001
0;6096035;0;nvidiagpu;0;SmallData;1;2750,961
0;6096035;0;lpc;nct6791d;Voltage;4;1
0;6096035;0;hdd;0;Data;0;-115,5128
0;6096035;0;intelcpu;0;Temperature;0;53
0;6096035;0;lpc;nct6791d;Control;2;76,07843
0;6096035;0;nvidiagpu;0;Fan;0;913
0;6096035;0;intelcpu;0;Power;1;0,3852514
0;6096035;0;intelcpu;0;Temperature;4;54
0;6096035;0;intelcpu;0;Load;4;4,6875
0;6096035;0;hdd;1;Load;0;82,90601
0;6096035;0;nvidiagpu;0;SmallData;3;3072
0;6096035;0;lpc;nct6791d;Temperature;5;26
0;6096035;0;lpc;nct6791d;Voltage;8;3,312
0;6096035;0;lpc;nct6791d;Fan;3;1004
0;6096035;0;lpc;nct6791d;Voltage;6;0,04
0;6096035;0;intelcpu;0;Clock;4;799,5371
0;6096035;0;intelcpu;0;Temperature;2;49
0;6096035;0;lpc;nct6791d;Control;4;75,68628
0;6096035;0;nvidiagpu;0;Clock;1;405
0;6096035;0;intelcpu;0;Power;3;0,8038067
0;6096035;0;intelcpu;0;Clock;2;799,5371
0;6096035;0;intelcpu;0;Load;2;0
0;6096035;0;nvidiagpu;0;Load;2;0
0;6096035;0;ram;N/A;Data;0;2,278717
0;6096035;0;lpc;nct6791d;Temperature;0;46,5
0;6096035;0;lpc;nct6791d;Control;1;49,01961
0;6096035;0;lpc;nct6791d;Temperature;2;33
0;6096035;0;lpc;nct6791d;Fan;0;921
1;1001024318;2588;lpc;nct6791d;Fan;1;1139
1;1001024318;2588;lpc;nct6791d;Voltage;9;1,008
1;1001024318;2588;lpc;nct6791d;Voltage;1;1,008
1;1001024318;2588;nvidiagpu;0;Load;3;11,04253
1;1001024318;2588;lpc;nct6791d;Voltage;5;2,008
1;1001024318;2588;hdd;0;Load;0;66,94803
1;1001024318;2588;intelcpu;0;Temperature;1;56
1;1001024318;2588;lpc;nct6791d;Control;3;80
1;1001024318;2588;nvidiagpu;0;Clock;0;1936
1;1001024318;2588;intelcpu;0;Power;2;0
1;1001024318;2588;intelcpu;0;Clock;1;3597,918
1;1001024318;2588;intelcpu;0;Load;1;21,71875
1;1001024318;2588;nvidiagpu;0;Load;1;6
1;1001024318;2588;ram;N/A;Load;0;30,05667
1;1001024318;2588;lpc;nct6791d;Fan;2;914
1;1001024318;2588;nvidiagpu;0;SmallData;2;339,2266
1;1001024318;2588;lpc;nct6791d;Voltage;3;3,376
1;1001024318;2588;hdd;0;Temperature;0;30
1;1001024318;2588;lpc;nct6791d;Control;0;79,60784
1;1001024318;2588;lpc;nct6791d;Voltage;7;3,456
1;1001024318;2588;hdd;1;Temperature;0;31
1;1001024318;2588;nvidiagpu;0;Temperature;0;57
1;1001024318;2588;intelcpu;0;Power;0;28,26198
1;1001024318;2588;intelcpu;0;Temperature;3;56
1;1001024318;2588;lpc;nct6791d;Control;5;100
1;1001024318;2588;nvidiagpu;0;Clock;2;3872
1;1001024318;2588;intelcpu;0;Clock;0;99,94217
1;1001024318;2588;intelcpu;0;Clock;3;3497,976
1;1001024318;2588;intelcpu;0;Load;3;20,20433
1;1001024318;2588;nvidiagpu;0;Control;0;29
1;1001024318;2588;ram;N/A;Data;1;5,553238
1;1001024318;2588;lpc;nct6791d;Temperature;6;57
1;1001024318;2588;lpc;nct6791d;Voltage;14;0,496
1;1001024318;2588;lpc;nct6791d;Temperature;3;66
1;1001024318;2588;intelcpu;0;Load;0;21,89603
1;1001024318;2588;lpc;nct6791d;Voltage;12;0,528
1;1001024318;2588;lpc;nct6791d;Voltage;13;0,28
1;1001024318;2588;lpc;nct6791d;Temperature;1;46,5
1;1001024318;2588;lpc;nct6791d;Voltage;2;3,376
1;1001024318;2588;lpc;nct6791d;Voltage;11;1
1;1001024318;2588;nvidiagpu;0;Load;0;47
1;1001024318;2588;lpc;nct6791d;Voltage;0;0,8800001
1;1001024318;2588;nvidiagpu;0;SmallData;1;2732,773
1;1001024318;2588;lpc;nct6791d;Voltage;4;1
1;1001024318;2588;hdd;0;Data;0;-115,5128
1;1001024318;2588;intelcpu;0;Temperature;0;59
1;1001024318;2588;lpc;nct6791d;Control;2;80
1;1001024318;2588;nvidiagpu;0;Fan;0;911
1;1001024318;2588;intelcpu;0;Power;1;18,75955
1;1001024318;2588;intelcpu;0;Temperature;4;59
1;1001024318;2588;intelcpu;0;Load;4;18,59375
1;1001024318;2588;hdd;1;Load;0;82,90601
1;1001024318;2588;nvidiagpu;0;SmallData;3;3072
1;1001024318;2588;lpc;nct6791d;Temperature;5;26
1;1001024318;2588;lpc;nct6791d;Voltage;8;3,312
1;1001024318;2588;lpc;nct6791d;Fan;3;1020
1;1001024318;2588;lpc;nct6791d;Voltage;6;0,288
1;1001024318;2588;intelcpu;0;Clock;4;3497,976
1;1001024318;2588;intelcpu;0;Temperature;2;55
1;1001024318;2588;lpc;nct6791d;Control;4;80
1;1001024318;2588;nvidiagpu;0;Clock;1;4006,8
1;1001024318;2588;intelcpu;0;Power;3;1,237428
1;1001024318;2588;intelcpu;0;Clock;2;3497,976
1;1001024318;2588;intelcpu;0;Load;2;27,0673
1;1001024318;2588;nvidiagpu;0;Load;2;0
1;1001024318;2588;ram;N/A;Data;0;2,386387
1;1001024318;2588;lpc;nct6791d;Temperature;0;51
1;1001024318;2588;lpc;nct6791d;Control;1;48,62745
1;1001024318;2588;lpc;nct6791d;Temperature;2;34
1;1001024318;2588;lpc;nct6791d;Fan;0;927
2;2001253542;2718;lpc;nct6791d;Fan;1;1023
2;2001253542;2718;lpc;nct6791d;Voltage;9;1,008
2;2001253542;2718;lpc;nct6791d;Voltage;1;1,008
2;2001253542;2718;nvidiagpu;0;Load;3;11,04253
2;2001253542;2718;lpc;nct6791d;Voltage;5;2,008
2;2001253542;2718;hdd;0;Load;0;66,94803
2;2001253542;2718;intelcpu;0;Temperature;1;57
2;2001253542;2718;lpc;nct6791d;Control;3;81,96078
2;2001253542;2718;nvidiagpu;0;Clock;0;1936
2;2001253542;2718;intelcpu;0;Power;2;0
2;2001253542;2718;intelcpu;0;Clock;1;3797,802
2;2001253542;2718;intelcpu;0;Load;1;29,6875
2;2001253542;2718;nvidiagpu;0;Load;1;6
2;2001253542;2718;ram;N/A;Load;0;30,06931
2;2001253542;2718;lpc;nct6791d;Fan;2;948
2;2001253542;2718;nvidiagpu;0;SmallData;2;339,2266
2;2001253542;2718;lpc;nct6791d;Voltage;3;3,376
2;2001253542;2718;hdd;0;Temperature;0;30
2;2001253542;2718;lpc;nct6791d;Control;0;81,96078
2;2001253542;2718;lpc;nct6791d;Voltage;7;3,456
2;2001253542;2718;hdd;1;Temperature;0;31
2;2001253542;2718;nvidiagpu;0;Temperature;0;58
2;2001253542;2718;intelcpu;0;Power;0;36,30342
2;2001253542;2718;intelcpu;0;Temperature;3;57
2;2001253542;2718;lpc;nct6791d;Control;5;100
2;2001253542;2718;nvidiagpu;0;Clock;2;3872
2;2001253542;2718;intelcpu;0;Clock;0;99,94215
2;2001253542;2718;intelcpu;0;Clock;3;3597,917
2;2001253542;2718;intelcpu;0;Load;3;21,875
2;2001253542;2718;nvidiagpu;0;Control;0;29
2;2001253542;2718;ram;N/A;Data;1;5,552235
2;2001253542;2718;lpc;nct6791d;Temperature;6;57
2;2001253542;2718;lpc;nct6791d;Voltage;14;0,512
2;2001253542;2718;lpc;nct6791d;Temperature;3;68
2;2001253542;2718;intelcpu;0;Load;0;22,07031
2;2001253542;2718;lpc;nct6791d;Voltage;12;0,512
2;2001253542;2718;lpc;nct6791d;Voltage;13;0,432
2;2001253542;2718;lpc;nct6791d;Temperature;1;46,5
2;2001253542;2718;lpc;nct6791d;Voltage;2;3,376
2;2001253542;2718;lpc;nct6791d;Voltage;11;1
2;2001253542;2718;nvidiagpu;0;Load;0;52
2;2001253542;2718;lpc;nct6791d;Voltage;0;0,8800001
2;2001253542;2718;nvidiagpu;0;SmallData;1;2732,773
2;2001253542;2718;lpc;nct6791d;Voltage;4;1
2;2001253542;2718;hdd;0;Data;0;-115,5128
2;2001253542;2718;intelcpu;0;Temperature;0;61
2;2001253542;2718;lpc;nct6791d;Control;2;81,96078
2;2001253542;2718;nvidiagpu;0;Fan;0;908
2;2001253542;2718;intelcpu;0;Power;1;25,28068
2;2001253542;2718;intelcpu;0;Temperature;4;61
2;2001253542;2718;intelcpu;0;Load;4;16,40625
2;2001253542;2718;hdd;1;Load;0;82,90601
2;2001253542;2718;nvidiagpu;0;SmallData;3;3072
2;2001253542;2718;lpc;nct6791d;Temperature;5;26
2;2001253542;2718;lpc;nct6791d;Voltage;8;3,312
2;2001253542;2718;lpc;nct6791d;Fan;3;1045
2;2001253542;2718;lpc;nct6791d;Voltage;6;0,504
2;2001253542;2718;intelcpu;0;Clock;4;3497,975
2;2001253542;2718;intelcpu;0;Temperature;2;56
2;2001253542;2718;lpc;nct6791d;Control;4;81,96078
2;2001253542;2718;nvidiagpu;0;Clock;1;4006,8
2;2001253542;2718;intelcpu;0;Power;3;1,472852
2;2001253542;2718;intelcpu;0;Clock;2;3497,975
2;2001253542;2718;intelcpu;0;Load;2;20,3125
2;2001253542;2718;nvidiagpu;0;Load;2;0
2;2001253542;2718;ram;N/A;Data;0;2,38739
2;2001253542;2718;lpc;nct6791d;Temperature;0;52,5
2;2001253542;2718;lpc;nct6791d;Control;1;54,11765
2;2001253542;2718;lpc;nct6791d;Temperature;2;34
2;2001253542;2718;lpc;nct6791d;Fan;0;946
3;3001241845;2627;lpc;nct6791d;Fan;1;1007
3;3001241845;2627;lpc;nct6791d;Voltage;9;1,008
3;3001241845;2627;lpc;nct6791d;Voltage;1;1,008
3;3001241845;2627;nvidiagpu;0;Load;3;11,04253
3;3001241845;2627;lpc;nct6791d;Voltage;5;2,008
3;3001241845;2627;hdd;0;Load;0;66,94803
3;3001241845;2627;intelcpu;0;Temperature;1;58
3;3001241845;2627;lpc;nct6791d;Control;3;82,7451
3;3001241845;2627;nvidiagpu;0;Clock;0;1936
3;3001241845;2627;intelcpu;0;Power;2;0
3;3001241845;2627;intelcpu;0;Clock;1;3697,857
3;3001241845;2627;intelcpu;0;Load;1;32,03125
3;3001241845;2627;nvidiagpu;0;Load;1;5
3;3001241845;2627;ram;N/A;Load;0;30,07748
3;3001241845;2627;lpc;nct6791d;Fan;2;961
3;3001241845;2627;nvidiagpu;0;SmallData;2;339,2266
3;3001241845;2627;lpc;nct6791d;Voltage;3;3,376
3;3001241845;2627;hdd;0;Temperature;0;30
3;3001241845;2627;lpc;nct6791d;Control;0;82,7451
3;3001241845;2627;lpc;nct6791d;Voltage;7;3,456
3;3001241845;2627;hdd;1;Temperature;0;31
3;3001241845;2627;nvidiagpu;0;Temperature;0;58
3;3001241845;2627;intelcpu;0;Power;0;35,59155
3;3001241845;2627;intelcpu;0;Temperature;3;56
3;3001241845;2627;lpc;nct6791d;Control;5;100
3;3001241845;2627;nvidiagpu;0;Clock;2;3872
3;3001241845;2627;intelcpu;0;Clock;0;99,94209
3;3001241845;2627;intelcpu;0;Clock;3;3497,973
3;3001241845;2627;intelcpu;0;Load;3;29,6875
3;3001241845;2627;nvidiagpu;0;Control;0;29
3;3001241845;2627;ram;N/A;Data;1;5,551586
3;3001241845;2627;lpc;nct6791d;Temperature;6;97
3;3001241845;2627;lpc;nct6791d;Voltage;14;0,512
3;3001241845;2627;lpc;nct6791d;Temperature;3;61
3;3001241845;2627;intelcpu;0;Load;0;28,51563
3;3001241845;2627;lpc;nct6791d;Voltage;12;0,52
3;3001241845;2627;lpc;nct6791d;Voltage;13;0,504
3;3001241845;2627;lpc;nct6791d;Temperature;1;46,5
3;3001241845;2627;lpc;nct6791d;Voltage;2;3,376
3;3001241845;2627;lpc;nct6791d;Voltage;11;1
3;3001241845;2627;nvidiagpu;0;Load;0;44
3;3001241845;2627;lpc;nct6791d;Voltage;0;0,8800001
3;3001241845;2627;nvidiagpu;0;SmallData;1;2732,773
3;3001241845;2627;lpc;nct6791d;Voltage;4;1
3;3001241845;2627;hdd;0;Data;0;-115,5128
3;3001241845;2627;intelcpu;0;Temperature;0;61
3;3001241845;2627;lpc;nct6791d;Control;2;82,7451
3;3001241845;2627;nvidiagpu;0;Fan;0;908
3;3001241845;2627;intelcpu;0;Power;1;24,71203
3;3001241845;2627;intelcpu;0;Temperature;4;61
3;3001241845;2627;intelcpu;0;Load;4;21,875
3;3001241845;2627;hdd;1;Load;0;82,90601
3;3001241845;2627;nvidiagpu;0;SmallData;3;3072
3;3001241845;2627;lpc;nct6791d;Temperature;5;26
3;3001241845;2627;lpc;nct6791d;Voltage;8;3,312
3;3001241845;2627;lpc;nct6791d;Fan;3;1059
3;3001241845;2627;lpc;nct6791d;Voltage;6;0,4
3;3001241845;2627;intelcpu;0;Clock;4;3497,973
3;3001241845;2627;intelcpu;0;Temperature;2;56
3;3001241845;2627;lpc;nct6791d;Control;4;82,7451
3;3001241845;2627;nvidiagpu;0;Clock;1;4006,8
3;3001241845;2627;intelcpu;0;Power;3;1,461781
3;3001241845;2627;intelcpu;0;Clock;2;3497,973
3;3001241845;2627;intelcpu;0;Load;2;30,46875
3;3001241845;2627;nvidiagpu;0;Load;2;0
3;3001241845;2627;ram;N/A;Data;0;2,388039
3;3001241845;2627;lpc;nct6791d;Temperature;0;53
3;3001241845;2627;lpc;nct6791d;Control;1;55,29412
3;3001241845;2627;lpc;nct6791d;Temperature;2;34
3;3001241845;2627;lpc;nct6791d;Fan;0;967
4;4001301563;2741;lpc;nct6791d;Fan;1;1101
4;4001301563;2741;lpc;nct6791d;Voltage;9;1,008
4;4001301563;2741;lpc;nct6791d;Voltage;1;1,008
4;4001301563;2741;nvidiagpu;0;Load;3;11,04253
4;4001301563;2741;lpc;nct6791d;Voltage;5;2,008
4;4001301563;2741;hdd;0;Load;0;66,94803
4;4001301563;2741;intelcpu;0;Temperature;1;58
4;4001301563;2741;lpc;nct6791d;Control;3;81,96078
4;4001301563;2741;nvidiagpu;0;Clock;0;1936
4;4001301563;2741;intelcpu;0;Power;2;0
4;4001301563;2741;intelcpu;0;Clock;1;3497,976
4;4001301563;2741;intelcpu;0;Load;1;34,375
4;4001301563;2741;nvidiagpu;0;Load;1;6
4;4001301563;2741;ram;N/A;Load;0;30,08093
4;4001301563;2741;lpc;nct6791d;Fan;2;967
4;4001301563;2741;nvidiagpu;0;SmallData;2;339,2266
4;4001301563;2741;lpc;nct6791d;Voltage;3;3,376
4;4001301563;2741;hdd;0;Temperature;0;30
4;4001301563;2741;lpc;nct6791d;Control;0;81,96078
4;4001301563;2741;lpc;nct6791d;Voltage;7;3,456
4;4001301563;2741;hdd;1;Temperature;0;31
4;4001301563;2741;nvidiagpu;0;Temperature;0;58
4;4001301563;2741;intelcpu;0;Power;0;36,23772
4;4001301563;2741;intelcpu;0;Temperature;3;59
4;4001301563;2741;lpc;nct6791d;Control;5;100
4;4001301563;2741;nvidiagpu;0;Clock;2;3872
4;4001301563;2741;intelcpu;0;Clock;0;99,94216
4;4001301563;2741;intelcpu;0;Clock;3;3697,86
4;4001301563;2741;intelcpu;0;Load;3;23,4375
4;4001301563;2741;nvidiagpu;0;Control;0;29
4;4001301563;2741;ram;N/A;Data;1;5,551311
4;4001301563;2741;lpc;nct6791d;Temperature;6;57
4;4001301563;2741;lpc;nct6791d;Voltage;14;0,504
4;4001301563;2741;lpc;nct6791d;Temperature;3;66
4;4001301563;2741;intelcpu;0;Load;0;27,14844
4;4001301563;2741;lpc;nct6791d;Voltage;12;0,512
4;4001301563;2741;lpc;nct6791d;Voltage;13;0,416
4;4001301563;2741;lpc;nct6791d;Temperature;1;46,5
4;4001301563;2741;lpc;nct6791d;Voltage;2;3,376
4;4001301563;2741;lpc;nct6791d;Voltage;11;1
4;4001301563;2741;nvidiagpu;0;Load;0;52
4;4001301563;2741;lpc;nct6791d;Voltage;0;0,8800001
4;4001301563;2741;nvidiagpu;0;SmallData;1;2732,773
4;4001301563;2741;lpc;nct6791d;Voltage;4;1
4;4001301563;2741;hdd;0;Data;0;-115,5128
4;4001301563;2741;intelcpu;0;Temperature;0;60
4;4001301563;2741;lpc;nct6791d;Control;2;81,96078
4;4001301563;2741;nvidiagpu;0;Fan;0;909
4;4001301563;2741;intelcpu;0;Power;1;25,24681
4;4001301563;2741;intelcpu;0;Temperature;4;60
4;4001301563;2741;intelcpu;0;Load;4;21,09375
4;4001301563;2741;hdd;1;Load;0;82,90601
4;4001301563;2741;nvidiagpu;0;SmallData;3;3072
4;4001301563;2741;lpc;nct6791d;Temperature;5;26
4;4001301563;2741;lpc;nct6791d;Voltage;8;3,312
4;4001301563;2741;lpc;nct6791d;Fan;3;1052
4;4001301563;2741;lpc;nct6791d;Voltage;6;0,448
4;4001301563;2741;intelcpu;0;Clock;4;3697,86
4;4001301563;2741;intelcpu;0;Temperature;2;57
4;4001301563;2741;lpc;nct6791d;Control;4;81,96078
4;4001301563;2741;nvidiagpu;0;Clock;1;4006,8
4;4001301563;2741;intelcpu;0;Power;3;1,476553
4;4001301563;2741;intelcpu;0;Clock;2;3497,976
4;4001301563;2741;intelcpu;0;Load;2;29,6875
4;4001301563;2741;nvidiagpu;0;Load;2;0
4;4001301563;2741;ram;N/A;Data;0;2,388313
4;4001301563;2741;lpc;nct6791d;Temperature;0;52
4;4001301563;2741;lpc;nct6791d;Control;1;54,11765
4;4001301563;2741;lpc;nct6791d;Temperature;2;34
4;4001301563;2741;lpc;nct6791d;Fan;0;981
5;5001047750;2733;lpc;nct6791d;Fan;1;1193
5;5001047750;2733;lpc;nct6791d;Voltage;9;1,008
5;5001047750;2733;lpc;nct6791d;Voltage;1;1,008
5;5001047750;2733;nvidiagpu;0;Load;3;11,04253
5;5001047750;2733;lpc;nct6791d;Voltage;5;2,008
5;5001047750;2733;hdd;0;Load;0;66,94803
5;5001047750;2733;intelcpu;0;Temperature;1;58
5;5001047750;2733;lpc;nct6791d;Control;3;80,78432
5;5001047750;2733;nvidiagpu;0;Clock;0;1936
5;5001047750;2733;intelcpu;0;Power;2;0
5;5001047750;2733;intelcpu;0;Clock;1;3697,859
5;5001047750;2733;intelcpu;0;Load;1;38,28125
5;5001047750;2733;nvidiagpu;0;Load;1;6
5;5001047750;2733;ram;N/A;Load;0;30,07589
5;5001047750;2733;lpc;nct6791d;Fan;2;969
5;5001047750;2733;nvidiagpu;0;SmallData;2;339,2266
5;5001047750;2733;lpc;nct6791d;Voltage;3;3,376
5;5001047750;2733;hdd;0;Temperature;0;30
5;5001047750;2733;lpc;nct6791d;Control;0;80,78432
5;5001047750;2733;lpc;nct6791d;Voltage;7;3,456
5;5001047750;2733;hdd;1;Temperature;0;31
5;5001047750;2733;nvidiagpu;0;Temperature;0;58
5;5001047750;2733;intelcpu;0;Power;0;36,49377
5;5001047750;2733;intelcpu;0;Temperature;3;57
5;5001047750;2733;lpc;nct6791d;Control;5;100
5;5001047750;2733;nvidiagpu;0;Clock;2;3872
5;5001047750;2733;intelcpu;0;Clock;0;99,94214
5;5001047750;2733;intelcpu;0;Clock;3;3497,975
5;5001047750;2733;intelcpu;0;Load;3;33,59375
5;5001047750;2733;nvidiagpu;0;Control;0;29
5;5001047750;2733;ram;N/A;Data;1;5,551712
5;5001047750;2733;lpc;nct6791d;Temperature;6;57
5;5001047750;2733;lpc;nct6791d;Voltage;14;0,504
5;5001047750;2733;lpc;nct6791d;Temperature;3;81
5;5001047750;2733;intelcpu;0;Load;0;33,78906
5;5001047750;2733;lpc;nct6791d;Voltage;12;0,432
5;5001047750;2733;lpc;nct6791d;Voltage;13;0,504
5;5001047750;2733;lpc;nct6791d;Temperature;1;46,5
5;5001047750;2733;lpc;nct6791d;Voltage;2;3,376
5;5001047750;2733;lpc;nct6791d;Voltage;11;1
5;5001047750;2733;nvidiagpu;0;Load;0;52
5;5001047750;2733;lpc;nct6791d;Voltage;0;0,8800001
5;5001047750;2733;nvidiagpu;0;SmallData;1;2732,773
5;5001047750;2733;lpc;nct6791d;Voltage;4;1
5;5001047750;2733;hdd;0;Data;0;-115,5128
5;5001047750;2733;intelcpu;0;Temperature;0;61
5;5001047750;2733;lpc;nct6791d;Control;2;80,78432
5;5001047750;2733;nvidiagpu;0;Fan;0;905
5;5001047750;2733;intelcpu;0;Power;1;25,40914
5;5001047750;2733;intelcpu;0;Temperature;4;61
5;5001047750;2733;intelcpu;0;Load;4;28,125
5;5001047750;2733;hdd;1;Load;0;82,90601
5;5001047750;2733;nvidiagpu;0;SmallData;3;3072
5;5001047750;2733;lpc;nct6791d;Temperature;5;26
5;5001047750;2733;lpc;nct6791d;Voltage;8;3,312
5;5001047750;2733;lpc;nct6791d;Fan;3;1065
5;5001047750;2733;lpc;nct6791d;Voltage;6;0,44
5;5001047750;2733;intelcpu;0;Clock;4;3497,975
5;5001047750;2733;intelcpu;0;Temperature;2;58
5;5001047750;2733;lpc;nct6791d;Control;4;80,78432
5;5001047750;2733;nvidiagpu;0;Clock;1;4006,8
5;5001047750;2733;intelcpu;0;Power;3;1,472803
5;5001047750;2733;intelcpu;0;Clock;2;3697,859
5;5001047750;2733;intelcpu;0;Load;2;35,15625
5;5001047750;2733;nvidiagpu;0;Load;2;0
5;5001047750;2733;ram;N/A;Data;0;2,387913
5;5001047750;2733;lpc;nct6791d;Temperature;0;51,5
5;5001047750;2733;lpc;nct6791d;Control;1;54,11765
5;5001047750;2733;lpc;nct6791d;Temperature;2;34
5;5001047750;2733;lpc;nct6791d;Fan;0;983
6;6001024643;2673;lpc;nct6791d;Fan;1;1245
6;6001024643;2673;lpc;nct6791d;Voltage;9;1,008
6;6001024643;2673;lpc;nct6791d;Voltage;1;1,008
6;6001024643;2673;nvidiagpu;0;Load;3;11,04253
6;6001024643;2673;lpc;nct6791d;Voltage;5;2,008
6;6001024643;2673;hdd;0;Load;0;66,94803
6;6001024643;2673;intelcpu;0;Temperature;1;59
6;6001024643;2673;lpc;nct6791d;Control;3;79,60784
6;6001024643;2673;nvidiagpu;0;Clock;0;1936
6;6001024643;2673;intelcpu;0;Power;2;0
6;6001024643;2673;intelcpu;0;Clock;1;3697,859
6;6001024643;2673;intelcpu;0;Load;1;28,125
6;6001024643;2673;nvidiagpu;0;Load;1;6
6;6001024643;2673;ram;N/A;Load;0;30,07714
6;6001024643;2673;lpc;nct6791d;Fan;2;952
6;6001024643;2673;nvidiagpu;0;SmallData;2;339,2266
6;6001024643;2673;lpc;nct6791d;Voltage;3;3,376
6;6001024643;2673;hdd;0;Temperature;0;30
6;6001024643;2673;lpc;nct6791d;Control;0;79,60784
6;6001024643;2673;lpc;nct6791d;Voltage;7;3,456
6;6001024643;2673;hdd;1;Temperature;0;31
6;6001024643;2673;nvidiagpu;0;Temperature;0;58
6;6001024643;2673;intelcpu;0;Power;0;36,37503
6;6001024643;2673;intelcpu;0;Temperature;3;59
6;6001024643;2673;lpc;nct6791d;Control;5;100
6;6001024643;2673;nvidiagpu;0;Clock;2;3872
6;6001024643;2673;intelcpu;0;Clock;0;99,94215
6;6001024643;2673;intelcpu;0;Clock;3;3497,975
6;6001024643;2673;intelcpu;0;Load;3;16,40625
6;6001024643;2673;nvidiagpu;0;Control;0;29
6;6001024643;2673;ram;N/A;Data;1;5,551613
6;6001024643;2673;lpc;nct6791d;Temperature;6;60
6;6001024643;2673;lpc;nct6791d;Voltage;14;0,512
6;6001024643;2673;lpc;nct6791d;Temperature;3;63
6;6001024643;2673;intelcpu;0;Load;0;24,21875
6;6001024643;2673;lpc;nct6791d;Voltage;12;0,512
6;6001024643;2673;lpc;nct6791d;Voltage;13;0,448
6;6001024643;2673;lpc;nct6791d;Temperature;1;46,5
6;6001024643;2673;lpc;nct6791d;Voltage;2;3,376
6;6001024643;2673;lpc;nct6791d;Voltage;11;1
6;6001024643;2673;nvidiagpu;0;Load;0;52
6;6001024643;2673;lpc;nct6791d;Voltage;0;0,8800001
6;6001024643;2673;nvidiagpu;0;SmallData;1;2732,773
6;6001024643;2673;lpc;nct6791d;Voltage;4;1
6;6001024643;2673;hdd;0;Data;0;-115,5128
6;6001024643;2673;intelcpu;0;Temperature;0;61
6;6001024643;2673;lpc;nct6791d;Control;2;79,60784
6;6001024643;2673;nvidiagpu;0;Fan;0;907
6;6001024643;2673;intelcpu;0;Power;1;25,36856
6;6001024643;2673;intelcpu;0;Temperature;4;61
6;6001024643;2673;intelcpu;0;Load;4;23,4375
6;6001024643;2673;hdd;1;Load;0;82,90601
6;6001024643;2673;nvidiagpu;0;SmallData;3;3072
6;6001024643;2673;lpc;nct6791d;Temperature;5;26
6;6001024643;2673;lpc;nct6791d;Voltage;8;3,312
6;6001024643;2673;lpc;nct6791d;Fan;3;1080
6;6001024643;2673;lpc;nct6791d;Voltage;6;0,504
6;6001024643;2673;intelcpu;0;Clock;4;3497,975
6;6001024643;2673;intelcpu;0;Temperature;2;58
6;6001024643;2673;lpc;nct6791d;Control;4;79,60784
6;6001024643;2673;nvidiagpu;0;Clock;1;4006,8
6;6001024643;2673;intelcpu;0;Power;3;1,468103
6;6001024643;2673;intelcpu;0;Clock;2;3697,859
6;6001024643;2673;intelcpu;0;Load;2;28,90625
6;6001024643;2673;nvidiagpu;0;Load;2;0
6;6001024643;2673;ram;N/A;Data;0;2,388012
6;6001024643;2673;lpc;nct6791d;Temperature;0;50,5
6;6001024643;2673;lpc;nct6791d;Control;1;52,94118
6;6001024643;2673;lpc;nct6791d;Temperature;2;34
6;6001024643;2673;lpc;nct6791d;Fan;0;966
7;7001157848;2718;lpc;nct6791d;Fan;1;1198
7;7001157848;2718;lpc;nct6791d;Voltage;9;1,008
7;7001157848;2718;lpc;nct6791d;Voltage;1;1,008
7;7001157848;2718;nvidiagpu;0;Load;3;11,04253
7;7001157848;2718;lpc;nct6791d;Voltage;5;2,008
7;7001157848;2718;hdd;0;Load;0;66,94803
7;7001157848;2718;intelcpu;0;Temperature;1;59
7;7001157848;2718;lpc;nct6791d;Control;3;80
7;7001157848;2718;nvidiagpu;0;Clock;0;1936
7;7001157848;2718;intelcpu;0;Power;2;0
7;7001157848;2718;intelcpu;0;Clock;1;3497,975
7;7001157848;2718;intelcpu;0;Load;1;30,46875
7;7001157848;2718;nvidiagpu;0;Load;1;6
7;7001157848;2718;ram;N/A;Load;0;30,07939
7;7001157848;2718;lpc;nct6791d;Fan;2;954
7;7001157848;2718;nvidiagpu;0;SmallData;2;339,2266
7;7001157848;2718;lpc;nct6791d;Voltage;3;3,376
7;7001157848;2718;hdd;0;Temperature;0;30
7;7001157848;2718;lpc;nct6791d;Control;0;79,60784
7;7001157848;2718;lpc;nct6791d;Voltage;7;3,456
7;7001157848;2718;hdd;1;Temperature;0;31
7;7001157848;2718;nvidiagpu;0;Temperature;0;58
7;7001157848;2718;intelcpu;0;Power;0;36,70927
7;7001157848;2718;intelcpu;0;Temperature;3;58
7;7001157848;2718;lpc;nct6791d;Control;5;100
7;7001157848;2718;nvidiagpu;0;Clock;2;3872
7;7001157848;2718;intelcpu;0;Clock;0;99,94214
7;7001157848;2718;intelcpu;0;Clock;3;3497,975
7;7001157848;2718;intelcpu;0;Load;3;25,78125
7;7001157848;2718;nvidiagpu;0;Control;0;29
7;7001157848;2718;ram;N/A;Data;1;5,551434
7;7001157848;2718;lpc;nct6791d;Temperature;6;57
7;7001157848;2718;lpc;nct6791d;Voltage;14;0,512
7;7001157848;2718;lpc;nct6791d;Temperature;3;69
7;7001157848;2718;intelcpu;0;Load;0;26,36719
7;7001157848;2718;lpc;nct6791d;Voltage;12;0,512
7;7001157848;2718;lpc;nct6791d;Voltage;13;0,52
7;7001157848;2718;lpc;nct6791d;Temperature;1;46,5
7;7001157848;2718;lpc;nct6791d;Voltage;2;3,376
7;7001157848;2718;lpc;nct6791d;Voltage;11;1
7;7001157848;2718;nvidiagpu;0;Load;0;51
7;7001157848;2718;lpc;nct6791d;Voltage;0;0,8800001
7;7001157848;2718;nvidiagpu;0;SmallData;1;2732,773
7;7001157848;2718;lpc;nct6791d;Voltage;4;1
7;7001157848;2718;hdd;0;Data;0;-115,5128
7;7001157848;2718;intelcpu;0;Temperature;0;62
7;7001157848;2718;lpc;nct6791d;Control;2;80
7;7001157848;2718;nvidiagpu;0;Fan;0;907
7;7001157848;2718;intelcpu;0;Power;1;25,63602
7;7001157848;2718;intelcpu;0;Temperature;4;62
7;7001157848;2718;intelcpu;0;Load;4;20,3125
7;7001157848;2718;hdd;1;Load;0;82,90601
7;7001157848;2718;nvidiagpu;0;SmallData;3;3072
7;7001157848;2718;lpc;nct6791d;Temperature;5;26
7;7001157848;2718;lpc;nct6791d;Voltage;8;3,312
7;7001157848;2718;lpc;nct6791d;Fan;3;1057
7;7001157848;2718;lpc;nct6791d;Voltage;6;0,512
7;7001157848;2718;intelcpu;0;Clock;4;3497,975
7;7001157848;2718;intelcpu;0;Temperature;2;58
7;7001157848;2718;lpc;nct6791d;Control;4;80
7;7001157848;2718;nvidiagpu;0;Clock;1;4006,8
7;7001157848;2718;intelcpu;0;Power;3;1,474711
7;7001157848;2718;intelcpu;0;Clock;2;3497,975
7;7001157848;2718;intelcpu;0;Load;2;28,90625
7;7001157848;2718;nvidiagpu;0;Load;2;0
7;7001157848;2718;ram;N/A;Data;0;2,388191
7;7001157848;2718;lpc;nct6791d;Temperature;0;51
7;7001157848;2718;lpc;nct6791d;Control;1;51,76471
7;7001157848;2718;lpc;nct6791d;Temperature;2;34
7;7001157848;2718;lpc;nct6791d;Fan;0;962
8;8001235722;2709;lpc;nct6791d;Fan;1;1112
8;8001235722;2709;lpc;nct6791d;Voltage;9;1,008
8;8001235722;2709;lpc;nct6791d;Voltage;1;1,008
8;8001235722;2709;nvidiagpu;0;Load;3;11,04253
8;8001235722;2709;lpc;nct6791d;Voltage;5;2,008
8;8001235722;2709;hdd;0;Load;0;66,94803
8;8001235722;2709;intelcpu;0;Temperature;1;59
8;8001235722;2709;lpc;nct6791d;Control;3;79,60784
8;8001235722;2709;nvidiagpu;0;Clock;0;1936
8;8001235722;2709;intelcpu;0;Power;2;0
8;8001235722;2709;intelcpu;0;Clock;1;3497,975
8;8001235722;2709;intelcpu;0;Load;1;35,15625
8;8001235722;2709;nvidiagpu;0;Load;1;6
8;8001235722;2709;ram;N/A;Load;0;30,07854
8;8001235722;2709;lpc;nct6791d;Fan;2;954
8;8001235722;2709;nvidiagpu;0;SmallData;2;339,2266
8;8001235722;2709;lpc;nct6791d;Voltage;3;3,376
8;8001235722;2709;hdd;0;Temperature;0;30
8;8001235722;2709;lpc;nct6791d;Control;0;79,60784
8;8001235722;2709;lpc;nct6791d;Voltage;7;3,456
8;8001235722;2709;hdd;1;Temperature;0;31
8;8001235722;2709;nvidiagpu;0;Temperature;0;58
8;8001235722;2709;intelcpu;0;Power;0;36,25459
8;8001235722;2709;intelcpu;0;Temperature;3;59
8;8001235722;2709;lpc;nct6791d;Control;5;100
8;8001235722;2709;nvidiagpu;0;Clock;2;3872
8;8001235722;2709;intelcpu;0;Clock;0;99,94214
8;8001235722;2709;intelcpu;0;Clock;3;3497,975
8;8001235722;2709;intelcpu;0;Load;3;31,25
8;8001235722;2709;nvidiagpu;0;Control;0;29
8;8001235722;2709;ram;N/A;Data;1;5,551502
8;8001235722;2709;lpc;nct6791d;Temperature;6;57
8;8001235722;2709;lpc;nct6791d;Voltage;14;0,512
8;8001235722;2709;lpc;nct6791d;Temperature;3;63
8;8001235722;2709;intelcpu;0;Load;0;31,64063
8;8001235722;2709;lpc;nct6791d;Voltage;12;0,52
8;8001235722;2709;lpc;nct6791d;Voltage;13;0,504
8;8001235722;2709;lpc;nct6791d;Temperature;1;46,5
8;8001235722;2709;lpc;nct6791d;Voltage;2;3,376
8;8001235722;2709;lpc;nct6791d;Voltage;11;1
8;8001235722;2709;nvidiagpu;0;Load;0;52
8;8001235722;2709;lpc;nct6791d;Voltage;0;0,8800001
8;8001235722;2709;nvidiagpu;0;SmallData;1;2732,773
8;8001235722;2709;lpc;nct6791d;Voltage;4;1
8;8001235722;2709;hdd;0;Data;0;-115,5128
8;8001235722;2709;intelcpu;0;Temperature;0;63
8;8001235722;2709;lpc;nct6791d;Control;2;79,60784
8;8001235722;2709;nvidiagpu;0;Fan;0;907
8;8001235722;2709;intelcpu;0;Power;1;25,29874
8;8001235722;2709;intelcpu;0;Temperature;4;63
8;8001235722;2709;intelcpu;0;Load;4;29,6875
8;8001235722;2709;hdd;1;Load;0;82,90601
8;8001235722;2709;nvidiagpu;0;SmallData;3;3072
8;8001235722;2709;lpc;nct6791d;Temperature;5;26
8;8001235722;2709;lpc;nct6791d;Voltage;8;3,312
8;8001235722;2709;lpc;nct6791d;Fan;3;1041
8;8001235722;2709;lpc;nct6791d;Voltage;6;0,424
8;8001235722;2709;intelcpu;0;Clock;4;3497,975
8;8001235722;2709;intelcpu;0;Temperature;2;58
8;8001235722;2709;lpc;nct6791d;Control;4;79,60784
8;8001235722;2709;nvidiagpu;0;Clock;1;4006,8
8;8001235722;2709;intelcpu;0;Power;3;1,472686
8;8001235722;2709;intelcpu;0;Clock;2;3497,975
8;8001235722;2709;intelcpu;0;Load;2;30,46875
8;8001235722;2709;nvidiagpu;0;Load;2;0
8;8001235722;2709;ram;N/A;Data;0;2,388123
8;8001235722;2709;lpc;nct6791d;Temperature;0;50,5
8;8001235722;2709;lpc;nct6791d;Control;1;52,94118
8;8001235722;2709;lpc;nct6791d;Temperature;2;34
8;8001235722;2709;lpc;nct6791d;Fan;0;952
9;9001185357;2660;lpc;nct6791d;Fan;1;1147
9;9001185357;2660;lpc;nct6791d;Voltage;9;1,008
9;9001185357;2660;lpc;nct6791d;Voltage;1;1,008
9;9001185357;2660;nvidiagpu;0;Load;3;11,04253
9;9001185357;2660;lpc;nct6791d;Voltage;5;2,008
9;9001185357;2660;hdd;0;Load;0;66,94803
9;9001185357;2660;intelcpu;0;Temperature;1;58
9;9001185357;2660;lpc;nct6791d;Control;3;79,60784
9;9001185357;2660;nvidiagpu;0;Clock;0;1936
9;9001185357;2660;intelcpu;0;Power;2;0
9;9001185357;2660;intelcpu;0;Clock;1;3697,859
9;9001185357;2660;intelcpu;0;Load;1;28,125
9;9001185357;2660;nvidiagpu;0;Load;1;6
9;9001185357;2660;ram;N/A;Load;0;30,08286
9;9001185357;2660;lpc;nct6791d;Fan;2;945
9;9001185357;2660;nvidiagpu;0;SmallData;2;339,2266
9;9001185357;2660;lpc;nct6791d;Voltage;3;3,376
9;9001185357;2660;hdd;0;Temperature;0;30
9;9001185357;2660;lpc;nct6791d;Control;0;79,60784
9;9001185357;2660;lpc;nct6791d;Voltage;7;3,456
9;9001185357;2660;hdd;1;Temperature;0;31
9;9001185357;2660;nvidiagpu;0;Temperature;0;58
9;9001185357;2660;intelcpu;0;Power;0;36,72236
9;9001185357;2660;intelcpu;0;Temperature;3;60
9;9001185357;2660;lpc;nct6791d;Control;5;100
9;9001185357;2660;nvidiagpu;0;Clock;2;3872
9;9001185357;2660;intelcpu;0;Clock;0;99,94214
9;9001185357;2660;intelcpu;0;Clock;3;3497,975
9;9001185357;2660;intelcpu;0;Load;3;18,75
9;9001185357;2660;nvidiagpu;0;Control;0;29
9;9001185357;2660;ram;N/A;Data;1;5,551159
9;9001185357;2660;lpc;nct6791d;Temperature;6;84
9;9001185357;2660;lpc;nct6791d;Voltage;14;0,512
9;9001185357;2660;lpc;nct6791d;Temperature;3;70
9;9001185357;2660;intelcpu;0;Load;0;22,07031
9;9001185357;2660;lpc;nct6791d;Voltage;12;0,448
9;9001185357;2660;lpc;nct6791d;Voltage;13;0,44
9;9001185357;2660;lpc;nct6791d;Temperature;1;46,5
9;9001185357;2660;lpc;nct6791d;Voltage;2;3,376
9;9001185357;2660;lpc;nct6791d;Voltage;11;1
9;9001185357;2660;nvidiagpu;0;Load;0;52
9;9001185357;2660;lpc;nct6791d;Voltage;0;0,8800001
9;9001185357;2660;nvidiagpu;0;SmallData;1;2732,773
9;9001185357;2660;lpc;nct6791d;Voltage;4;1
9;9001185357;2660;hdd;0;Data;0;-115,5128
9;9001185357;2660;intelcpu;0;Temperature;0;64
9;9001185357;2660;lpc;nct6791d;Control;2;79,60784
9;9001185357;2660;nvidiagpu;0;Fan;0;905
9;9001185357;2660;intelcpu;0;Power;1;25,63758
9;9001185357;2660;intelcpu;0;Temperature;4;64
9;9001185357;2660;intelcpu;0;Load;4;20,3125
9;9001185357;2660;hdd;1;Load;0;82,90601
9;9001185357;2660;nvidiagpu;0;SmallData;3;3072
9;9001185357;2660;lpc;nct6791d;Temperature;5;26
9;9001185357;2660;lpc;nct6791d;Voltage;8;3,312
9;9001185357;2660;lpc;nct6791d;Fan;3;1036
9;9001185357;2660;lpc;nct6791d;Voltage;6;0,384
9;9001185357;2660;intelcpu;0;Clock;4;3497,975
9;9001185357;2660;intelcpu;0;Temperature;2;59
9;9001185357;2660;lpc;nct6791d;Control;4;79,60784
9;9001185357;2660;nvidiagpu;0;Clock;1;4006,8
9;9001185357;2660;intelcpu;0;Power;3;1,4652
9;9001185357;2660;intelcpu;0;Clock;2;3497,975
9;9001185357;2660;intelcpu;0;Load;2;21,09375
9;9001185357;2660;nvidiagpu;0;Load;2;0
9;9001185357;2660;ram;N/A;Data;0;2,388466
9;9001185357;2660;lpc;nct6791d;Temperature;0;50,5
9;9001185357;2660;lpc;nct6791d;Control;1;52,94118
9;9001185357;2660;lpc;nct6791d;Temperature;2;34
9;9001185357;2660;lpc;nct6791d;Fan;0;955
10;10001071776;2604;lpc;nct6791d;Fan;1;1175
10;10001071776;2604;lpc;nct6791d;Voltage;9;1,008
10;10001071776;2604;lpc;nct6791d;Voltage;1;1,008
10;10001071776;2604;nvidiagpu;0;Load;3;11,04253
10;10001071776;2604;lpc;nct6791d;Voltage;5;2,008
10;10001071776;2604;hdd;0;Load;0;66,94803
10;10001071776;2604;intelcpu;0;Temperature;1;59
10;10001071776;2604;lpc;nct6791d;Control;3;80,78432
10;10001071776;2604;nvidiagpu;0;Clock;0;1936
10;10001071776;2604;intelcpu;0;Power;2;0
10;10001071776;2604;intelcpu;0;Clock;1;3797,801
10;10001071776;2604;intelcpu;0;Load;1;32,03125
10;10001071776;2604;nvidiagpu;0;Load;1;6
10;10001071776;2604;ram;N/A;Load;0;30,0843
10;10001071776;2604;lpc;nct6791d;Fan;2;945
10;10001071776;2604;nvidiagpu;0;SmallData;2;339,2266
10;10001071776;2604;lpc;nct6791d;Voltage;3;3,376
10;10001071776;2604;hdd;0;Temperature;0;30
10;10001071776;2604;lpc;nct6791d;Control;0;80,78432
10;10001071776;2604;lpc;nct6791d;Voltage;7;3,456
10;10001071776;2604;hdd;1;Temperature;0;31
10;10001071776;2604;nvidiagpu;0;Temperature;0;58
10;10001071776;2604;intelcpu;0;Power;0;37,00205
10;10001071776;2604;intelcpu;0;Temperature;3;59
10;10001071776;2604;lpc;nct6791d;Control;5;100
10;10001071776;2604;nvidiagpu;0;Clock;2;3872
10;10001071776;2604;intelcpu;0;Clock;0;99,94212
10;10001071776;2604;intelcpu;0;Clock;3;3497,974
10;10001071776;2604;intelcpu;0;Load;3;21,09375
10;10001071776;2604;nvidiagpu;0;Control;0;29
10;10001071776;2604;ram;N/A;Data;1;5,551044
10;10001071776;2604;lpc;nct6791d;Temperature;6;63
10;10001071776;2604;lpc;nct6791d;Voltage;14;0,44
10;10001071776;2604;lpc;nct6791d;Temperature;3;63
10;10001071776;2604;intelcpu;0;Load;0;27,34375
10;10001071776;2604;lpc;nct6791d;Voltage;12;0,504
10;10001071776;2604;lpc;nct6791d;Voltage;13;0,52
10;10001071776;2604;lpc;nct6791d;Temperature;1;46,5
10;10001071776;2604;lpc;nct6791d;Voltage;2;3,376
10;10001071776;2604;lpc;nct6791d;Voltage;11;1
10;10001071776;2604;nvidiagpu;0;Load;0;51
10;10001071776;2604;lpc;nct6791d;Voltage;0;0,872
10;10001071776;2604;nvidiagpu;0;SmallData;1;2732,773
10;10001071776;2604;lpc;nct6791d;Voltage;4;1
10;10001071776;2604;hdd;0;Data;0;-115,5128
10;10001071776;2604;intelcpu;0;Temperature;0;62
10;10001071776;2604;lpc;nct6791d;Control;2;80,78432
10;10001071776;2604;nvidiagpu;0;Fan;0;905
10;10001071776;2604;intelcpu;0;Power;1;25,83098
10;10001071776;2604;intelcpu;0;Temperature;4;62
10;10001071776;2604;intelcpu;0;Load;4;28,125
10;10001071776;2604;hdd;1;Load;0;82,90601
10;10001071776;2604;nvidiagpu;0;SmallData;3;3072
10;10001071776;2604;lpc;nct6791d;Temperature;5;26
10;10001071776;2604;lpc;nct6791d;Voltage;8;3,312
10;10001071776;2604;lpc;nct6791d;Fan;3;1038
10;10001071776;2604;lpc;nct6791d;Voltage;6;0,504
10;10001071776;2604;intelcpu;0;Clock;4;3597,916
10;10001071776;2604;intelcpu;0;Temperature;2;58
10;10001071776;2604;lpc;nct6791d;Control;4;80,78432
10;10001071776;2604;nvidiagpu;0;Clock;1;4006,8
10;10001071776;2604;intelcpu;0;Power;3;1,474937
10;10001071776;2604;intelcpu;0;Clock;2;3497,974
10;10001071776;2604;intelcpu;0;Load;2;28,125
10;10001071776;2604;nvidiagpu;0;Load;2;0
10;10001071776;2604;ram;N/A;Data;0;2,38858
10;10001071776;2604;lpc;nct6791d;Temperature;0;51
10;10001071776;2604;lpc;nct6791d;Control;1;52,94118
10;10001071776;2604;lpc;nct6791d;Temperature;2;34
10;10001071776;2604;lpc;nct6791d;Fan;0;962
11;11001261462;2645;lpc;nct6791d;Fan;1;1157
11;11001261462;2645;lpc;nct6791d;Voltage;9;1,008
11;11001261462;2645;lpc;nct6791d;Voltage;1;1,008
11;11001261462;2645;nvidiagpu;0;Load;3;11,30295
11;11001261462;2645;lpc;nct6791d;Voltage;5;2,008
11;11001261462;2645;hdd;0;Load;0;66,94803
11;11001261462;2645;intelcpu;0;Temperature;1;59
11;11001261462;2645;lpc;nct6791d;Control;3;80,78432
11;11001261462;2645;nvidiagpu;0;Clock;0;1936
11;11001261462;2645;intelcpu;0;Power;2;0
11;11001261462;2645;intelcpu;0;Clock;1;3797,802
11;11001261462;2645;intelcpu;0;Load;1;36,71875
11;11001261462;2645;nvidiagpu;0;Load;1;9
11;11001261462;2645;ram;N/A;Load;0;30,59705
11;11001261462;2645;lpc;nct6791d;Fan;2;954
11;11001261462;2645;nvidiagpu;0;SmallData;2;347,2266
11;11001261462;2645;lpc;nct6791d;Voltage;3;3,376
11;11001261462;2645;hdd;0;Temperature;0;30
11;11001261462;2645;lpc;nct6791d;Control;0;80,78432
11;11001261462;2645;lpc;nct6791d;Voltage;7;3,456
11;11001261462;2645;hdd;1;Temperature;0;31
11;11001261462;2645;nvidiagpu;0;Temperature;0;58
11;11001261462;2645;intelcpu;0;Power;0;39,0965
11;11001261462;2645;intelcpu;0;Temperature;3;59
11;11001261462;2645;lpc;nct6791d;Control;5;100
11;11001261462;2645;nvidiagpu;0;Clock;2;3872
11;11001261462;2645;intelcpu;0;Clock;0;99,94215
11;11001261462;2645;intelcpu;0;Clock;3;3497,975
11;11001261462;2645;intelcpu;0;Load;3;31,25
11;11001261462;2645;nvidiagpu;0;Control;0;29
11;11001261462;2645;ram;N/A;Data;1;5,510334
11;11001261462;2645;lpc;nct6791d;Temperature;6;56
11;11001261462;2645;lpc;nct6791d;Voltage;14;0,456
11;11001261462;2645;lpc;nct6791d;Temperature;3;81
11;11001261462;2645;intelcpu;0;Load;0;32,03125
11;11001261462;2645;lpc;nct6791d;Voltage;12;0,504
11;11001261462;2645;lpc;nct6791d;Voltage;13;0,512
11;11001261462;2645;lpc;nct6791d;Temperature;1;46,5
11;11001261462;2645;lpc;nct6791d;Voltage;2;3,376
11;11001261462;2645;lpc;nct6791d;Voltage;11;1
11;11001261462;2645;nvidiagpu;0;Load;0;53
11;11001261462;2645;lpc;nct6791d;Voltage;0;0,8800001
11;11001261462;2645;nvidiagpu;0;SmallData;1;2724,773
11;11001261462;2645;lpc;nct6791d;Voltage;4;1
11;11001261462;2645;hdd;0;Data;0;-115,5128
11;11001261462;2645;intelcpu;0;Temperature;0;61
11;11001261462;2645;lpc;nct6791d;Control;2;80,78432
11;11001261462;2645;nvidiagpu;0;Fan;0;907
11;11001261462;2645;intelcpu;0;Power;1;28,09307
11;11001261462;2645;intelcpu;0;Temperature;4;61
11;11001261462;2645;intelcpu;0;Load;4;26,5625
11;11001261462;2645;hdd;1;Load;0;82,90601
11;11001261462;2645;nvidiagpu;0;SmallData;3;3072
11;11001261462;2645;lpc;nct6791d;Temperature;5;26
11;11001261462;2645;lpc;nct6791d;Voltage;8;3,312
11;11001261462;2645;lpc;nct6791d;Fan;3;1075
11;11001261462;2645;lpc;nct6791d;Voltage;6;0,352
11;11001261462;2645;intelcpu;0;Clock;4;3497,975
11;11001261462;2645;intelcpu;0;Temperature;2;58
11;11001261462;2645;lpc;nct6791d;Control;4;80,78432
11;11001261462;2645;nvidiagpu;0;Clock;1;4006,8
11;11001261462;2645;intelcpu;0;Power;3;1,517434
11;11001261462;2645;intelcpu;0;Clock;2;3697,86
11;11001261462;2645;intelcpu;0;Load;2;33,59375
11;11001261462;2645;nvidiagpu;0;Load;2;0
11;11001261462;2645;ram;N/A;Data;0;2,429291
11;11001261462;2645;lpc;nct6791d;Temperature;0;51
11;11001261462;2645;lpc;nct6791d;Control;1;54,11765
11;11001261462;2645;lpc;nct6791d;Temperature;2;34
11;11001261462;2645;lpc;nct6791d;Fan;0;962
12;12001024040;2664;lpc;nct6791d;Fan;1;1190
12;12001024040;2664;lpc;nct6791d;Voltage;9;1,008
12;12001024040;2664;lpc;nct6791d;Voltage;1;1,008
12;12001024040;2664;nvidiagpu;0;Load;3;11,04253
12;12001024040;2664;lpc;nct6791d;Voltage;5;2,008
12;12001024040;2664;hdd;0;Load;0;66,94803
12;12001024040;2664;intelcpu;0;Temperature;1;59
12;12001024040;2664;lpc;nct6791d;Control;3;80,78432
12;12001024040;2664;nvidiagpu;0;Clock;0;1936
12;12001024040;2664;intelcpu;0;Power;2;0
12;12001024040;2664;intelcpu;0;Clock;1;3697,86
12;12001024040;2664;intelcpu;0;Load;1;29,6875
12;12001024040;2664;nvidiagpu;0;Load;1;6
12;12001024040;2664;ram;N/A;Load;0;30,49178
12;12001024040;2664;lpc;nct6791d;Fan;2;956
12;12001024040;2664;nvidiagpu;0;SmallData;2;339,2266
12;12001024040;2664;lpc;nct6791d;Voltage;3;3,376
12;12001024040;2664;hdd;0;Temperature;0;30
12;12001024040;2664;lpc;nct6791d;Control;0;80,78432
12;12001024040;2664;lpc;nct6791d;Voltage;7;3,456
12;12001024040;2664;hdd;1;Temperature;0;31
12;12001024040;2664;nvidiagpu;0;Temperature;0;58
12;12001024040;2664;intelcpu;0;Power;0;37,12503
12;12001024040;2664;intelcpu;0;Temperature;3;58
12;12001024040;2664;lpc;nct6791d;Control;5;100
12;12001024040;2664;nvidiagpu;0;Clock;2;3872
12;12001024040;2664;intelcpu;0;Clock;0;99,94215
12;12001024040;2664;intelcpu;0;Clock;3;3497,975
12;12001024040;2664;intelcpu;0;Load;3;32,03125
12;12001024040;2664;nvidiagpu;0;Control;0;29
12;12001024040;2664;ram;N/A;Data;1;5,518692
12;12001024040;2664;lpc;nct6791d;Temperature;6;62
12;12001024040;2664;lpc;nct6791d;Voltage;14;0,44
12;12001024040;2664;lpc;nct6791d;Temperature;3;79
12;12001024040;2664;intelcpu;0;Load;0;28,32031
12;12001024040;2664;lpc;nct6791d;Voltage;12;0,512
12;12001024040;2664;lpc;nct6791d;Voltage;13;0,512
12;12001024040;2664;lpc;nct6791d;Temperature;1;46,5
12;12001024040;2664;lpc;nct6791d;Voltage;2;3,376
12;12001024040;2664;lpc;nct6791d;Voltage;11;1
12;12001024040;2664;nvidiagpu;0;Load;0;52
12;12001024040;2664;lpc;nct6791d;Voltage;0;0,8800001
12;12001024040;2664;nvidiagpu;0;SmallData;1;2732,773
12;12001024040;2664;lpc;nct6791d;Voltage;4;1
12;12001024040;2664;hdd;0;Data;0;-115,5128
12;12001024040;2664;intelcpu;0;Temperature;0;61
12;12001024040;2664;lpc;nct6791d;Control;2;80,78432
12;12001024040;2664;nvidiagpu;0;Fan;0;905
12;12001024040;2664;intelcpu;0;Power;1;25,97011
12;12001024040;2664;intelcpu;0;Temperature;4;61
12;12001024040;2664;intelcpu;0;Load;4;22,65625
12;12001024040;2664;hdd;1;Load;0;82,90601
12;12001024040;2664;nvidiagpu;0;SmallData;3;3072
12;12001024040;2664;lpc;nct6791d;Temperature;5;26
12;12001024040;2664;lpc;nct6791d;Voltage;8;3,312
12;12001024040;2664;lpc;nct6791d;Fan;3;1062
12;12001024040;2664;lpc;nct6791d;Voltage;6;0,448
12;12001024040;2664;intelcpu;0;Clock;4;3497,975
12;12001024040;2664;intelcpu;0;Temperature;2;59
12;12001024040;2664;lpc;nct6791d;Control;4;80,78432
12;12001024040;2664;nvidiagpu;0;Clock;1;4006,8
12;12001024040;2664;intelcpu;0;Power;3;1,474057
12;12001024040;2664;intelcpu;0;Clock;2;3497,975
12;12001024040;2664;intelcpu;0;Load;2;28,90625
12;12001024040;2664;nvidiagpu;0;Load;2;0
12;12001024040;2664;ram;N/A;Data;0;2,420933
12;12001024040;2664;lpc;nct6791d;Temperature;0;51
12;12001024040;2664;lpc;nct6791d;Control;1;54,11765
12;12001024040;2664;lpc;nct6791d;Temperature;2;34
12;12001024040;2664;lpc;nct6791d;Fan;0;961
13;13001178311;2726;lpc;nct6791d;Fan;1;1160
13;13001178311;2726;lpc;nct6791d;Voltage;9;1,008
13;13001178311;2726;lpc;nct6791d;Voltage;1;1,016
13;13001178311;2726;nvidiagpu;0;Load;3;11,04253
13;13001178311;2726;lpc;nct6791d;Voltage;5;2,008
13;13001178311;2726;hdd;0;Load;0;66,94803
13;13001178311;2726;intelcpu;0;Temperature;1;59
13;13001178311;2726;lpc;nct6791d;Control;3;80,78432
13;13001178311;2726;nvidiagpu;0;Clock;0;1936
13;13001178311;2726;intelcpu;0;Power;2;0
13;13001178311;2726;intelcpu;0;Clock;1;3797,8
13;13001178311;2726;intelcpu;0;Load;1;25,78125
13;13001178311;2726;nvidiagpu;0;Load;1;6
13;13001178311;2726;ram;N/A;Load;0;30,40145
13;13001178311;2726;lpc;nct6791d;Fan;2;956
13;13001178311;2726;nvidiagpu;0;SmallData;2;339,2266
13;13001178311;2726;lpc;nct6791d;Voltage;3;3,376
13;13001178311;2726;hdd;0;Temperature;0;30
13;13001178311;2726;lpc;nct6791d;Control;0;80,78432
13;13001178311;2726;lpc;nct6791d;Voltage;7;3,456
13;13001178311;2726;hdd;1;Temperature;0;31
13;13001178311;2726;nvidiagpu;0;Temperature;0;58
13;13001178311;2726;intelcpu;0;Power;0;36,88955
13;13001178311;2726;intelcpu;0;Temperature;3;58
13;13001178311;2726;lpc;nct6791d;Control;5;100
13;13001178311;2726;nvidiagpu;0;Clock;2;3872
13;13001178311;2726;intelcpu;0;Clock;0;99,94211
13;13001178311;2726;intelcpu;0;Clock;3;3497,974
13;13001178311;2726;intelcpu;0;Load;3;15,625
13;13001178311;2726;nvidiagpu;0;Control;0;29
13;13001178311;2726;ram;N/A;Data;1;5,525864
13;13001178311;2726;lpc;nct6791d;Temperature;6;57
13;13001178311;2726;lpc;nct6791d;Voltage;14;0,512
13;13001178311;2726;lpc;nct6791d;Temperature;3;57
13;13001178311;2726;intelcpu;0;Load;0;23,82813
13;13001178311;2726;lpc;nct6791d;Voltage;12;0,44
13;13001178311;2726;lpc;nct6791d;Voltage;13;0,512
13;13001178311;2726;lpc;nct6791d;Temperature;1;47
13;13001178311;2726;lpc;nct6791d;Voltage;2;3,376
13;13001178311;2726;lpc;nct6791d;Voltage;11;1
13;13001178311;2726;nvidiagpu;0;Load;0;51
13;13001178311;2726;lpc;nct6791d;Voltage;0;0,872
13;13001178311;2726;nvidiagpu;0;SmallData;1;2732,773
13;13001178311;2726;lpc;nct6791d;Voltage;4;1
13;13001178311;2726;hdd;0;Data;0;-115,5128
13;13001178311;2726;intelcpu;0;Temperature;0;62
13;13001178311;2726;lpc;nct6791d;Control;2;80,78432
13;13001178311;2726;nvidiagpu;0;Fan;0;906
13;13001178311;2726;intelcpu;0;Power;1;25,82172
13;13001178311;2726;intelcpu;0;Temperature;4;62
13;13001178311;2726;intelcpu;0;Load;4;27,34375
13;13001178311;2726;hdd;1;Load;0;82,90601
13;13001178311;2726;nvidiagpu;0;SmallData;3;3072
13;13001178311;2726;lpc;nct6791d;Temperature;5;26
13;13001178311;2726;lpc;nct6791d;Voltage;8;3,312
13;13001178311;2726;lpc;nct6791d;Fan;3;1046
13;13001178311;2726;lpc;nct6791d;Voltage;6;0,504
13;13001178311;2726;intelcpu;0;Clock;4;3497,974
13;13001178311;2726;intelcpu;0;Temperature;2;59
13;13001178311;2726;lpc;nct6791d;Control;4;80,78432
13;13001178311;2726;nvidiagpu;0;Clock;1;4006,8
13;13001178311;2726;intelcpu;0;Power;3;1,47542
13;13001178311;2726;intelcpu;0;Clock;2;3497,974
13;13001178311;2726;intelcpu;0;Load;2;26,5625
13;13001178311;2726;nvidiagpu;0;Load;2;0
13;13001178311;2726;ram;N/A;Data;0;2,413761
13;13001178311;2726;lpc;nct6791d;Temperature;0;51
13;13001178311;2726;lpc;nct6791d;Control;1;54,11765
13;13001178311;2726;lpc;nct6791d;Temperature;2;34
13;13001178311;2726;lpc;nct6791d;Fan;0;961
14;14001251200;2747;lpc;nct6791d;Fan;1;1170
14;14001251200;2747;lpc;nct6791d;Voltage;9;1,008
14;14001251200;2747;lpc;nct6791d;Voltage;1;1,008
14;14001251200;2747;nvidiagpu;0;Load;3;11,04253
14;14001251200;2747;lpc;nct6791d;Voltage;5;2,008
14;14001251200;2747;hdd;0;Load;0;66,94803
14;14001251200;2747;intelcpu;0;Temperature;1;59
14;14001251200;2747;lpc;nct6791d;Control;3;80,78432
14;14001251200;2747;nvidiagpu;0;Clock;0;1936
14;14001251200;2747;intelcpu;0;Power;2;0
14;14001251200;2747;intelcpu;0;Clock;1;3697,859
14;14001251200;2747;intelcpu;0;Load;1;32,03125
14;14001251200;2747;nvidiagpu;0;Load;1;6
14;14001251200;2747;ram;N/A;Load;0;30,40049
14;14001251200;2747;lpc;nct6791d;Fan;2;956
14;14001251200;2747;nvidiagpu;0;SmallData;2;339,2266
14;14001251200;2747;lpc;nct6791d;Voltage;3;3,376
14;14001251200;2747;hdd;0;Temperature;0;30
14;14001251200;2747;lpc;nct6791d;Control;0;80,78432
14;14001251200;2747;lpc;nct6791d;Voltage;7;3,456
14;14001251200;2747;hdd;1;Temperature;0;31
14;14001251200;2747;nvidiagpu;0;Temperature;0;58
14;14001251200;2747;intelcpu;0;Power;0;37,19832
14;14001251200;2747;intelcpu;0;Temperature;3;59
14;14001251200;2747;lpc;nct6791d;Control;5;100
14;14001251200;2747;nvidiagpu;0;Clock;2;3872
14;14001251200;2747;intelcpu;0;Clock;0;99,94215
14;14001251200;2747;intelcpu;0;Clock;3;3497,975
14;14001251200;2747;intelcpu;0;Load;3;23,4375
14;14001251200;2747;nvidiagpu;0;Control;0;29
14;14001251200;2747;ram;N/A;Data;1;5,52594
14;14001251200;2747;lpc;nct6791d;Temperature;6;62
14;14001251200;2747;lpc;nct6791d;Voltage;14;0,504
14;14001251200;2747;lpc;nct6791d;Temperature;3;56
14;14001251200;2747;intelcpu;0;Load;0;25,58594
14;14001251200;2747;lpc;nct6791d;Voltage;12;0,512
14;14001251200;2747;lpc;nct6791d;Voltage;13;0,44
14;14001251200;2747;lpc;nct6791d;Temperature;1;47
14;14001251200;2747;lpc;nct6791d;Voltage;2;3,376
14;14001251200;2747;lpc;nct6791d;Voltage;11;1
14;14001251200;2747;nvidiagpu;0;Load;0;52
14;14001251200;2747;lpc;nct6791d;Voltage;0;0,8800001
14;14001251200;2747;nvidiagpu;0;SmallData;1;2732,773
14;14001251200;2747;lpc;nct6791d;Voltage;4;1
14;14001251200;2747;hdd;0;Data;0;-115,5128
14;14001251200;2747;intelcpu;0;Temperature;0;62
14;14001251200;2747;lpc;nct6791d;Control;2;80,78432
14;14001251200;2747;nvidiagpu;0;Fan;0;906
14;14001251200;2747;intelcpu;0;Power;1;25,95601
14;14001251200;2747;intelcpu;0;Temperature;4;62
14;14001251200;2747;intelcpu;0;Load;4;21,09375
14;14001251200;2747;hdd;1;Load;0;82,90601
14;14001251200;2747;nvidiagpu;0;SmallData;3;3072
14;14001251200;2747;lpc;nct6791d;Temperature;5;26
14;14001251200;2747;lpc;nct6791d;Voltage;8;3,312
14;14001251200;2747;lpc;nct6791d;Fan;3;1059
14;14001251200;2747;lpc;nct6791d;Voltage;6;0,504
14;14001251200;2747;intelcpu;0;Clock;4;3497,975
14;14001251200;2747;intelcpu;0;Temperature;2;59
14;14001251200;2747;lpc;nct6791d;Control;4;80,78432
14;14001251200;2747;nvidiagpu;0;Clock;1;4006,8
14;14001251200;2747;intelcpu;0;Power;3;1,472211
14;14001251200;2747;intelcpu;0;Clock;2;3497,975
14;14001251200;2747;intelcpu;0;Load;2;25,78125
14;14001251200;2747;nvidiagpu;0;Load;2;0
14;14001251200;2747;ram;N/A;Data;0;2,413685
14;14001251200;2747;lpc;nct6791d;Temperature;0;51
14;14001251200;2747;lpc;nct6791d;Control;1;54,11765
14;14001251200;2747;lpc;nct6791d;Temperature;2;34
14;14001251200;2747;lpc;nct6791d;Fan;0;961
15;15001212548;2646;lpc;nct6791d;Fan;1;1240
15;15001212548;2646;lpc;nct6791d;Voltage;9;1,008
15;15001212548;2646;lpc;nct6791d;Voltage;1;1,008
15;15001212548;2646;nvidiagpu;0;Load;3;11,04253
15;15001212548;2646;lpc;nct6791d;Voltage;5;2,008
15;15001212548;2646;hdd;0;Load;0;66,94803
15;15001212548;2646;intelcpu;0;Temperature;1;60
15;15001212548;2646;lpc;nct6791d;Control;3;80,78432
15;15001212548;2646;nvidiagpu;0;Clock;0;1936
15;15001212548;2646;intelcpu;0;Power;2;0
15;15001212548;2646;intelcpu;0;Clock;1;3697,858
15;15001212548;2646;intelcpu;0;Load;1;27,34375
15;15001212548;2646;nvidiagpu;0;Load;1;6
15;15001212548;2646;ram;N/A;Load;0;30,39737
15;15001212548;2646;lpc;nct6791d;Fan;2;956
15;15001212548;2646;nvidiagpu;0;SmallData;2;339,2266
15;15001212548;2646;lpc;nct6791d;Voltage;3;3,376
15;15001212548;2646;hdd;0;Temperature;0;30
15;15001212548;2646;lpc;nct6791d;Control;0;80
15;15001212548;2646;lpc;nct6791d;Voltage;7;3,456
15;15001212548;2646;hdd;1;Temperature;0;31
15;15001212548;2646;nvidiagpu;0;Temperature;0;58
15;15001212548;2646;intelcpu;0;Power;0;36,51881
15;15001212548;2646;intelcpu;0;Temperature;3;59
15;15001212548;2646;lpc;nct6791d;Control;5;100
15;15001212548;2646;nvidiagpu;0;Clock;2;3872
15;15001212548;2646;intelcpu;0;Clock;0;99,94212
15;15001212548;2646;intelcpu;0;Clock;3;3497,974
15;15001212548;2646;intelcpu;0;Load;3;22,65625
15;15001212548;2646;nvidiagpu;0;Control;0;29
15;15001212548;2646;ram;N/A;Data;1;5,526188
15;15001212548;2646;lpc;nct6791d;Temperature;6;57
15;15001212548;2646;lpc;nct6791d;Voltage;14;0,456
15;15001212548;2646;lpc;nct6791d;Temperature;3;72
15;15001212548;2646;intelcpu;0;Load;0;24,02344
15;15001212548;2646;lpc;nct6791d;Voltage;12;0,504
15;15001212548;2646;lpc;nct6791d;Voltage;13;0,44
15;15001212548;2646;lpc;nct6791d;Temperature;1;47
15;15001212548;2646;lpc;nct6791d;Voltage;2;3,376
15;15001212548;2646;lpc;nct6791d;Voltage;11;1
15;15001212548;2646;nvidiagpu;0;Load;0;52
15;15001212548;2646;lpc;nct6791d;Voltage;0;0,8800001
15;15001212548;2646;nvidiagpu;0;SmallData;1;2732,773
15;15001212548;2646;lpc;nct6791d;Voltage;4;1
15;15001212548;2646;hdd;0;Data;0;-115,5128
15;15001212548;2646;intelcpu;0;Temperature;0;62
15;15001212548;2646;lpc;nct6791d;Control;2;80,78432
15;15001212548;2646;nvidiagpu;0;Fan;0;905
15;15001212548;2646;intelcpu;0;Power;1;25,40993
15;15001212548;2646;intelcpu;0;Temperature;4;62
15;15001212548;2646;intelcpu;0;Load;4;24,21875
15;15001212548;2646;hdd;1;Load;0;82,90601
15;15001212548;2646;nvidiagpu;0;SmallData;3;3072
15;15001212548;2646;lpc;nct6791d;Temperature;5;26
15;15001212548;2646;lpc;nct6791d;Voltage;8;3,312
15;15001212548;2646;lpc;nct6791d;Fan;3;1062
15;15001212548;2646;lpc;nct6791d;Voltage;6;0,504
15;15001212548;2646;intelcpu;0;Clock;4;3497,974
15;15001212548;2646;intelcpu;0;Temperature;2;59
15;15001212548;2646;lpc;nct6791d;Control;4;80,39216
15;15001212548;2646;nvidiagpu;0;Clock;1;4006,8
15;15001212548;2646;intelcpu;0;Power;3;1,464551
15;15001212548;2646;intelcpu;0;Clock;2;3497,974
15;15001212548;2646;intelcpu;0;Load;2;21,875
15;15001212548;2646;nvidiagpu;0;Load;2;0
15;15001212548;2646;ram;N/A;Data;0;2,413437
15;15001212548;2646;lpc;nct6791d;Temperature;0;51
15;15001212548;2646;lpc;nct6791d;Control;1;54,11765
15;15001212548;2646;lpc;nct6791d;Temperature;2;34
15;15001212548;2646;lpc;nct6791d;Fan;0;967
16;16001275779;2729;lpc;nct6791d;Fan;1;1202
16;16001275779;2729;lpc;nct6791d;Voltage;9;1,008
16;16001275779;2729;lpc;nct6791d;Voltage;1;1,008
16;16001275779;2729;nvidiagpu;0;Load;3;11,04253
16;16001275779;2729;lpc;nct6791d;Voltage;5;2,008
16;16001275779;2729;hdd;0;Load;0;66,94803
16;16001275779;2729;intelcpu;0;Temperature;1;59
16;16001275779;2729;lpc;nct6791d;Control;3;80
16;16001275779;2729;nvidiagpu;0;Clock;0;1936
16;16001275779;2729;intelcpu;0;Power;2;0
16;16001275779;2729;intelcpu;0;Clock;1;3497,975
16;16001275779;2729;intelcpu;0;Load;1;35,9375
16;16001275779;2729;nvidiagpu;0;Load;1;6
16;16001275779;2729;ram;N/A;Load;0;30,30454
16;16001275779;2729;lpc;nct6791d;Fan;2;960
16;16001275779;2729;nvidiagpu;0;SmallData;2;339,2266
16;16001275779;2729;lpc;nct6791d;Voltage;3;3,376
16;16001275779;2729;hdd;0;Temperature;0;30
16;16001275779;2729;lpc;nct6791d;Control;0;80
16;16001275779;2729;lpc;nct6791d;Voltage;7;3,456
16;16001275779;2729;hdd;1;Temperature;0;31
16;16001275779;2729;nvidiagpu;0;Temperature;0;58
16;16001275779;2729;intelcpu;0;Power;0;36,73374
16;16001275779;2729;intelcpu;0;Temperature;3;60
16;16001275779;2729;lpc;nct6791d;Control;5;100
16;16001275779;2729;nvidiagpu;0;Clock;2;3872
16;16001275779;2729;intelcpu;0;Clock;0;99,94214
16;16001275779;2729;intelcpu;0;Clock;3;3497,975
16;16001275779;2729;intelcpu;0;Load;3;25,78125
16;16001275779;2729;nvidiagpu;0;Control;0;29
16;16001275779;2729;ram;N/A;Data;1;5,533558
16;16001275779;2729;lpc;nct6791d;Temperature;6;56
16;16001275779;2729;lpc;nct6791d;Voltage;14;0,504
16;16001275779;2729;lpc;nct6791d;Temperature;3;66
16;16001275779;2729;intelcpu;0;Load;0;30,07813
16;16001275779;2729;lpc;nct6791d;Voltage;12;0,504
16;16001275779;2729;lpc;nct6791d;Voltage;13;0,376
16;16001275779;2729;lpc;nct6791d;Temperature;1;47
16;16001275779;2729;lpc;nct6791d;Voltage;2;3,376
16;16001275779;2729;lpc;nct6791d;Voltage;11;1
16;16001275779;2729;nvidiagpu;0;Load;0;51
16;16001275779;2729;lpc;nct6791d;Voltage;0;0,872
16;16001275779;2729;nvidiagpu;0;SmallData;1;2732,773
16;16001275779;2729;lpc;nct6791d;Voltage;4;1
16;16001275779;2729;hdd;0;Data;0;-115,5128
16;16001275779;2729;intelcpu;0;Temperature;0;62
16;16001275779;2729;lpc;nct6791d;Control;2;80
16;16001275779;2729;nvidiagpu;0;Fan;0;907
16;16001275779;2729;intelcpu;0;Power;1;25,6825
16;16001275779;2729;intelcpu;0;Temperature;4;62
16;16001275779;2729;intelcpu;0;Load;4;28,90625
16;16001275779;2729;hdd;1;Load;0;82,90601
16;16001275779;2729;nvidiagpu;0;SmallData;3;3072
16;16001275779;2729;lpc;nct6791d;Temperature;5;26
16;16001275779;2729;lpc;nct6791d;Voltage;8;3,312
16;16001275779;2729;lpc;nct6791d;Fan;3;1044
16;16001275779;2729;lpc;nct6791d;Voltage;6;0,304
16;16001275779;2729;intelcpu;0;Clock;4;3497,975
16;16001275779;2729;intelcpu;0;Temperature;2;59
16;16001275779;2729;lpc;nct6791d;Control;4;79,60784
16;16001275779;2729;nvidiagpu;0;Clock;1;4006,8
16;16001275779;2729;intelcpu;0;Power;3;1,477231
16;16001275779;2729;intelcpu;0;Clock;2;3497,975
16;16001275779;2729;intelcpu;0;Load;2;29,6875
16;16001275779;2729;nvidiagpu;0;Load;2;0
16;16001275779;2729;ram;N/A;Data;0;2,406067
16;16001275779;2729;lpc;nct6791d;Temperature;0;50,5
16;16001275779;2729;lpc;nct6791d;Control;1;52,94118
16;16001275779;2729;lpc;nct6791d;Temperature;2;34
16;16001275779;2729;lpc;nct6791d;Fan;0;971
17;17001271379;2708;lpc;nct6791d;Fan;1;1126
17;17001271379;2708;lpc;nct6791d;Voltage;9;1,008
17;17001271379;2708;lpc;nct6791d;Voltage;1;1,008
17;17001271379;2708;nvidiagpu;0;Load;3;11,04253
17;17001271379;2708;lpc;nct6791d;Voltage;5;2,008
17;17001271379;2708;hdd;0;Load;0;66,94803
17;17001271379;2708;intelcpu;0;Temperature;1;59
17;17001271379;2708;lpc;nct6791d;Control;3;79,60784
17;17001271379;2708;nvidiagpu;0;Clock;0;1936
17;17001271379;2708;intelcpu;0;Power;2;0
17;17001271379;2708;intelcpu;0;Clock;1;3697,859
17;17001271379;2708;intelcpu;0;Load;1;28,125
17;17001271379;2708;nvidiagpu;0;Load;1;6
17;17001271379;2708;ram;N/A;Load;0;30,28368
17;17001271379;2708;lpc;nct6791d;Fan;2;954
17;17001271379;2708;nvidiagpu;0;SmallData;2;339,2266
17;17001271379;2708;lpc;nct6791d;Voltage;3;3,376
17;17001271379;2708;hdd;0;Temperature;0;30
17;17001271379;2708;lpc;nct6791d;Control;0;79,60784
17;17001271379;2708;lpc;nct6791d;Voltage;7;3,456
17;17001271379;2708;hdd;1;Temperature;0;31
17;17001271379;2708;nvidiagpu;0;Temperature;0;58
17;17001271379;2708;intelcpu;0;Power;0;36,87607
17;17001271379;2708;intelcpu;0;Temperature;3;59
17;17001271379;2708;lpc;nct6791d;Control;5;100
17;17001271379;2708;nvidiagpu;0;Clock;2;3872
17;17001271379;2708;intelcpu;0;Clock;0;99,94213
17;17001271379;2708;intelcpu;0;Clock;3;3497,975
17;17001271379;2708;intelcpu;0;Load;3;22,65625
17;17001271379;2708;nvidiagpu;0;Control;0;29
17;17001271379;2708;ram;N/A;Data;1;5,535213
17;17001271379;2708;lpc;nct6791d;Temperature;6;63
17;17001271379;2708;lpc;nct6791d;Voltage;14;0,504
17;17001271379;2708;lpc;nct6791d;Temperature;3;74
17;17001271379;2708;intelcpu;0;Load;0;26,36719
17;17001271379;2708;lpc;nct6791d;Voltage;12;0,52
17;17001271379;2708;lpc;nct6791d;Voltage;13;0,512
17;17001271379;2708;lpc;nct6791d;Temperature;1;47
17;17001271379;2708;lpc;nct6791d;Voltage;2;3,376
17;17001271379;2708;lpc;nct6791d;Voltage;11;1
17;17001271379;2708;nvidiagpu;0;Load;0;51
17;17001271379;2708;lpc;nct6791d;Voltage;0;0,8800001
17;17001271379;2708;nvidiagpu;0;SmallData;1;2732,773
17;17001271379;2708;lpc;nct6791d;Voltage;4;1
17;17001271379;2708;hdd;0;Data;0;-115,5128
17;17001271379;2708;intelcpu;0;Temperature;0;62
17;17001271379;2708;lpc;nct6791d;Control;2;79,60784
17;17001271379;2708;nvidiagpu;0;Fan;0;907
17;17001271379;2708;intelcpu;0;Power;1;25,69203
17;17001271379;2708;intelcpu;0;Temperature;4;63
17;17001271379;2708;intelcpu;0;Load;4;27,34375
17;17001271379;2708;hdd;1;Load;0;82,90601
17;17001271379;2708;nvidiagpu;0;SmallData;3;3072
17;17001271379;2708;lpc;nct6791d;Temperature;5;26
17;17001271379;2708;lpc;nct6791d;Voltage;8;3,312
17;17001271379;2708;lpc;nct6791d;Fan;3;1054
17;17001271379;2708;lpc;nct6791d;Voltage;6;0,424
17;17001271379;2708;intelcpu;0;Clock;4;3497,975
17;17001271379;2708;intelcpu;0;Temperature;2;59
17;17001271379;2708;lpc;nct6791d;Control;4;79,60784
17;17001271379;2708;nvidiagpu;0;Clock;1;4006,8
17;17001271379;2708;intelcpu;0;Power;3;1,472732
17;17001271379;2708;intelcpu;0;Clock;2;3697,859
17;17001271379;2708;intelcpu;0;Load;2;27,34375
17;17001271379;2708;nvidiagpu;0;Load;2;0
17;17001271379;2708;ram;N/A;Data;0;2,404411
17;17001271379;2708;lpc;nct6791d;Temperature;0;50,5
17;17001271379;2708;lpc;nct6791d;Control;1;52,94118
17;17001271379;2708;lpc;nct6791d;Temperature;2;34
17;17001271379;2708;lpc;nct6791d;Fan;0;960
18;18001069087;2670;lpc;nct6791d;Fan;1;1165
18;18001069087;2670;lpc;nct6791d;Voltage;9;1,008
18;18001069087;2670;lpc;nct6791d;Voltage;1;1,008
18;18001069087;2670;nvidiagpu;0;Load;3;11,04253
18;18001069087;2670;lpc;nct6791d;Voltage;5;2
18;18001069087;2670;hdd;0;Load;0;66,94803
18;18001069087;2670;intelcpu;0;Temperature;1;60
18;18001069087;2670;lpc;nct6791d;Control;3;80
18;18001069087;2670;nvidiagpu;0;Clock;0;1936
18;18001069087;2670;intelcpu;0;Power;2;0
18;18001069087;2670;intelcpu;0;Clock;1;3497,976
18;18001069087;2670;intelcpu;0;Load;1;28,90625
18;18001069087;2670;nvidiagpu;0;Load;1;6
18;18001069087;2670;ram;N/A;Load;0;30,21042
18;18001069087;2670;lpc;nct6791d;Fan;2;952
18;18001069087;2670;nvidiagpu;0;SmallData;2;339,2266
18;18001069087;2670;lpc;nct6791d;Voltage;3;3,376
18;18001069087;2670;hdd;0;Temperature;0;30
18;18001069087;2670;lpc;nct6791d;Control;0;79,60784
18;18001069087;2670;lpc;nct6791d;Voltage;7;3,456
18;18001069087;2670;hdd;1;Temperature;0;31
18;18001069087;2670;nvidiagpu;0;Temperature;0;58
18;18001069087;2670;intelcpu;0;Power;0;36,78861
18;18001069087;2670;intelcpu;0;Temperature;3;59
18;18001069087;2670;lpc;nct6791d;Control;5;100
18;18001069087;2670;nvidiagpu;0;Clock;2;3872
18;18001069087;2670;intelcpu;0;Clock;0;99,94216
18;18001069087;2670;intelcpu;0;Clock;3;3697,86
18;18001069087;2670;intelcpu;0;Load;3;30,46875
18;18001069087;2670;nvidiagpu;0;Control;0;29
18;18001069087;2670;ram;N/A;Data;1;5,541031
18;18001069087;2670;lpc;nct6791d;Temperature;6;57
18;18001069087;2670;lpc;nct6791d;Voltage;14;0,52
18;18001069087;2670;lpc;nct6791d;Temperature;3;78
18;18001069087;2670;intelcpu;0;Load;0;28,32031
18;18001069087;2670;lpc;nct6791d;Voltage;12;0,448
18;18001069087;2670;lpc;nct6791d;Voltage;13;0,368
18;18001069087;2670;lpc;nct6791d;Temperature;1;47
18;18001069087;2670;lpc;nct6791d;Voltage;2;3,376
18;18001069087;2670;lpc;nct6791d;Voltage;11;1
18;18001069087;2670;nvidiagpu;0;Load;0;52
18;18001069087;2670;lpc;nct6791d;Voltage;0;0,8800001
18;18001069087;2670;nvidiagpu;0;SmallData;1;2732,773
18;18001069087;2670;lpc;nct6791d;Voltage;4;1
18;18001069087;2670;hdd;0;Data;0;-115,5128
18;18001069087;2670;intelcpu;0;Temperature;0;61
18;18001069087;2670;lpc;nct6791d;Control;2;80
18;18001069087;2670;nvidiagpu;0;Fan;0;904
18;18001069087;2670;intelcpu;0;Power;1;25,70796
18;18001069087;2670;intelcpu;0;Temperature;4;62
18;18001069087;2670;intelcpu;0;Load;4;25,78125
18;18001069087;2670;hdd;1;Load;0;82,90601
18;18001069087;2670;nvidiagpu;0;SmallData;3;3072
18;18001069087;2670;lpc;nct6791d;Temperature;5;26
18;18001069087;2670;lpc;nct6791d;Voltage;8;3,312
18;18001069087;2670;lpc;nct6791d;Fan;3;1040
18;18001069087;2670;lpc;nct6791d;Voltage;6;0,28
18;18001069087;2670;intelcpu;0;Clock;4;3497,976
18;18001069087;2670;intelcpu;0;Temperature;2;59
18;18001069087;2670;lpc;nct6791d;Control;4;80
18;18001069087;2670;nvidiagpu;0;Clock;1;4006,8
18;18001069087;2670;intelcpu;0;Power;3;1,467278
18;18001069087;2670;intelcpu;0;Clock;2;3697,86
18;18001069087;2670;intelcpu;0;Load;2;28,125
18;18001069087;2670;nvidiagpu;0;Load;2;0
18;18001069087;2670;ram;N/A;Data;0;2,398594
18;18001069087;2670;lpc;nct6791d;Temperature;0;51
18;18001069087;2670;lpc;nct6791d;Control;1;52,94118
18;18001069087;2670;lpc;nct6791d;Temperature;2;34
18;18001069087;2670;lpc;nct6791d;Fan;0;953
19;19001221593;2735;lpc;nct6791d;Fan;1;1162
19;19001221593;2735;lpc;nct6791d;Voltage;9;1,008
19;19001221593;2735;lpc;nct6791d;Voltage;1;1,008
19;19001221593;2735;nvidiagpu;0;Load;3;11,04253
19;19001221593;2735;lpc;nct6791d;Voltage;5;2,008
19;19001221593;2735;hdd;0;Load;0;66,94803
19;19001221593;2735;intelcpu;0;Temperature;1;62
19;19001221593;2735;lpc;nct6791d;Control;3;80,78432
19;19001221593;2735;nvidiagpu;0;Clock;0;1936
19;19001221593;2735;intelcpu;0;Power;2;0
19;19001221593;2735;intelcpu;0;Clock;1;3697,859
19;19001221593;2735;intelcpu;0;Load;1;21,875
19;19001221593;2735;nvidiagpu;0;Load;1;6
19;19001221593;2735;ram;N/A;Load;0;30,21181
19;19001221593;2735;lpc;nct6791d;Fan;2;954
19;19001221593;2735;nvidiagpu;0;SmallData;2;339,2266
19;19001221593;2735;lpc;nct6791d;Voltage;3;3,376
19;19001221593;2735;hdd;0;Temperature;0;30
19;19001221593;2735;lpc;nct6791d;Control;0;80,78432
19;19001221593;2735;lpc;nct6791d;Voltage;7;3,456
19;19001221593;2735;hdd;1;Temperature;0;31
19;19001221593;2735;nvidiagpu;0;Temperature;0;58
19;19001221593;2735;intelcpu;0;Power;0;37,16428
19;19001221593;2735;intelcpu;0;Temperature;3;60
19;19001221593;2735;lpc;nct6791d;Control;5;100
19;19001221593;2735;nvidiagpu;0;Clock;2;3872
19;19001221593;2735;intelcpu;0;Clock;0;99,94212
19;19001221593;2735;intelcpu;0;Clock;3;3497,974
19;19001221593;2735;intelcpu;0;Load;3;17,96875
19;19001221593;2735;nvidiagpu;0;Control;0;29
19;19001221593;2735;ram;N/A;Data;1;5,54092
19;19001221593;2735;lpc;nct6791d;Temperature;6;60
19;19001221593;2735;lpc;nct6791d;Voltage;14;0,512
19;19001221593;2735;lpc;nct6791d;Temperature;3;60
19;19001221593;2735;intelcpu;0;Load;0;25
19;19001221593;2735;lpc;nct6791d;Voltage;12;0,52
19;19001221593;2735;lpc;nct6791d;Voltage;13;0,512
19;19001221593;2735;lpc;nct6791d;Temperature;1;47
19;19001221593;2735;lpc;nct6791d;Voltage;2;3,376
19;19001221593;2735;lpc;nct6791d;Voltage;11;1
19;19001221593;2735;nvidiagpu;0;Load;0;52
19;19001221593;2735;lpc;nct6791d;Voltage;0;0,8800001
19;19001221593;2735;nvidiagpu;0;SmallData;1;2732,773
19;19001221593;2735;lpc;nct6791d;Voltage;4;1
19;19001221593;2735;hdd;0;Data;0;-115,5128
19;19001221593;2735;intelcpu;0;Temperature;0;62
19;19001221593;2735;lpc;nct6791d;Control;2;80,78432
19;19001221593;2735;nvidiagpu;0;Fan;0;904
19;19001221593;2735;intelcpu;0;Power;1;25,96505
19;19001221593;2735;intelcpu;0;Temperature;4;62
19;19001221593;2735;intelcpu;0;Load;4;28,125
19;19001221593;2735;hdd;1;Load;0;82,90601
19;19001221593;2735;nvidiagpu;0;SmallData;3;3072
19;19001221593;2735;lpc;nct6791d;Temperature;5;26
19;19001221593;2735;lpc;nct6791d;Voltage;8;3,312
19;19001221593;2735;lpc;nct6791d;Fan;3;1039
19;19001221593;2735;lpc;nct6791d;Voltage;6;0,504
19;19001221593;2735;intelcpu;0;Clock;4;3497,974
19;19001221593;2735;intelcpu;0;Temperature;2;60
19;19001221593;2735;lpc;nct6791d;Control;4;80,78432
19;19001221593;2735;nvidiagpu;0;Clock;1;4006,8
19;19001221593;2735;intelcpu;0;Power;3;1,475848
19;19001221593;2735;intelcpu;0;Clock;2;3497,974
19;19001221593;2735;intelcpu;0;Load;2;32,03125
19;19001221593;2735;nvidiagpu;0;Load;2;0
19;19001221593;2735;ram;N/A;Data;0;2,398705
19;19001221593;2735;lpc;nct6791d;Temperature;0;51
19;19001221593;2735;lpc;nct6791d;Control;1;54,11765
19;19001221593;2735;lpc;nct6791d;Temperature;2;34
19;19001221593;2735;lpc;nct6791d;Fan;0;964
20;20001154557;2731;lpc;nct6791d;Fan;1;1124
20;20001154557;2731;lpc;nct6791d;Voltage;9;1,008
20;20001154557;2731;lpc;nct6791d;Voltage;1;1,008
20;20001154557;2731;nvidiagpu;0;Load;3;11,04253
20;20001154557;2731;lpc;nct6791d;Voltage;5;2,008
20;20001154557;2731;hdd;0;Load;0;66,94803
20;20001154557;2731;intelcpu;0;Temperature;1;59
20;20001154557;2731;lpc;nct6791d;Control;3;80,78432
20;20001154557;2731;nvidiagpu;0;Clock;0;1936
20;20001154557;2731;intelcpu;0;Power;2;0
20;20001154557;2731;intelcpu;0;Clock;1;3697,859
20;20001154557;2731;intelcpu;0;Load;1;32,03125
20;20001154557;2731;nvidiagpu;0;Load;1;6
20;20001154557;2731;ram;N/A;Load;0;30,21147
20;20001154557;2731;lpc;nct6791d;Fan;2;958
20;20001154557;2731;nvidiagpu;0;SmallData;2;339,2266
20;20001154557;2731;lpc;nct6791d;Voltage;3;3,376
20;20001154557;2731;hdd;0;Temperature;0;30
20;20001154557;2731;lpc;nct6791d;Control;0;80,78432
20;20001154557;2731;lpc;nct6791d;Voltage;7;3,456
20;20001154557;2731;hdd;1;Temperature;0;31
20;20001154557;2731;nvidiagpu;0;Temperature;0;58
20;20001154557;2731;intelcpu;0;Power;0;37,19998
20;20001154557;2731;intelcpu;0;Temperature;3;59
20;20001154557;2731;lpc;nct6791d;Control;5;100
20;20001154557;2731;nvidiagpu;0;Clock;2;3872
20;20001154557;2731;intelcpu;0;Clock;0;99,94213
20;20001154557;2731;intelcpu;0;Clock;3;3497,975
20;20001154557;2731;intelcpu;0;Load;3;19,53125
20;20001154557;2731;nvidiagpu;0;Control;0;29
20;20001154557;2731;ram;N/A;Data;1;5,540947
20;20001154557;2731;lpc;nct6791d;Temperature;6;56
20;20001154557;2731;lpc;nct6791d;Voltage;14;0,52
20;20001154557;2731;lpc;nct6791d;Temperature;3;65
20;20001154557;2731;intelcpu;0;Load;0;25
20;20001154557;2731;lpc;nct6791d;Voltage;12;0,392
20;20001154557;2731;lpc;nct6791d;Voltage;13;0,384
20;20001154557;2731;lpc;nct6791d;Temperature;1;47
20;20001154557;2731;lpc;nct6791d;Voltage;2;3,376
20;20001154557;2731;lpc;nct6791d;Voltage;11;1
20;20001154557;2731;nvidiagpu;0;Load;0;52
20;20001154557;2731;lpc;nct6791d;Voltage;0;0,8800001
20;20001154557;2731;nvidiagpu;0;SmallData;1;2732,773
20;20001154557;2731;lpc;nct6791d;Voltage;4;1
20;20001154557;2731;hdd;0;Data;0;-115,5128
20;20001154557;2731;intelcpu;0;Temperature;0;63
20;20001154557;2731;lpc;nct6791d;Control;2;80,78432
20;20001154557;2731;nvidiagpu;0;Fan;0;906
20;20001154557;2731;intelcpu;0;Power;1;25,97631
20;20001154557;2731;intelcpu;0;Temperature;4;63
20;20001154557;2731;intelcpu;0;Load;4;16,40625
20;20001154557;2731;hdd;1;Load;0;82,90601
20;20001154557;2731;nvidiagpu;0;SmallData;3;3072
20;20001154557;2731;lpc;nct6791d;Temperature;5;26
20;20001154557;2731;lpc;nct6791d;Voltage;8;3,312
20;20001154557;2731;lpc;nct6791d;Fan;3;1074
20;20001154557;2731;lpc;nct6791d;Voltage;6;0,448
20;20001154557;2731;intelcpu;0;Clock;4;3497,975
20;20001154557;2731;intelcpu;0;Temperature;2;60
20;20001154557;2731;lpc;nct6791d;Control;4;80,78432
20;20001154557;2731;nvidiagpu;0;Clock;1;4006,8
20;20001154557;2731;intelcpu;0;Power;3;1,471057
20;20001154557;2731;intelcpu;0;Clock;2;3797,801
20;20001154557;2731;intelcpu;0;Load;2;32,03125
20;20001154557;2731;nvidiagpu;0;Load;2;0
20;20001154557;2731;ram;N/A;Data;0;2,398678
20;20001154557;2731;lpc;nct6791d;Temperature;0;51
20;20001154557;2731;lpc;nct6791d;Control;1;54,11765
20;20001154557;2731;lpc;nct6791d;Temperature;2;34
20;20001154557;2731;lpc;nct6791d;Fan;0;969
21;21001077281;2692;lpc;nct6791d;Fan;1;1194
21;21001077281;2692;lpc;nct6791d;Voltage;9;1,008
21;21001077281;2692;lpc;nct6791d;Voltage;1;1,008
21;21001077281;2692;nvidiagpu;0;Load;3;11,04253
21;21001077281;2692;lpc;nct6791d;Voltage;5;2,008
21;21001077281;2692;hdd;0;Load;0;66,94803
21;21001077281;2692;intelcpu;0;Temperature;1;59
21;21001077281;2692;lpc;nct6791d;Control;3;80,78432
21;21001077281;2692;nvidiagpu;0;Clock;0;1936
21;21001077281;2692;intelcpu;0;Power;2;0
21;21001077281;2692;intelcpu;0;Clock;1;3497,975
21;21001077281;2692;intelcpu;0;Load;1;35,9375
21;21001077281;2692;nvidiagpu;0;Load;1;5
21;21001077281;2692;ram;N/A;Load;0;30,20389
21;21001077281;2692;lpc;nct6791d;Fan;2;959
21;21001077281;2692;nvidiagpu;0;SmallData;2;339,2266
21;21001077281;2692;lpc;nct6791d;Voltage;3;3,36
21;21001077281;2692;hdd;0;Temperature;0;30
21;21001077281;2692;lpc;nct6791d;Control;0;80,78432
21;21001077281;2692;lpc;nct6791d;Voltage;7;3,456
21;21001077281;2692;hdd;1;Temperature;0;31
21;21001077281;2692;nvidiagpu;0;Temperature;0;58
21;21001077281;2692;intelcpu;0;Power;0;36,93362
21;21001077281;2692;intelcpu;0;Temperature;3;60
21;21001077281;2692;lpc;nct6791d;Control;5;100
21;21001077281;2692;nvidiagpu;0;Clock;2;3872
21;21001077281;2692;intelcpu;0;Clock;0;99,94215
21;21001077281;2692;intelcpu;0;Clock;3;3497,975
21;21001077281;2692;intelcpu;0;Load;3;25,78125
21;21001077281;2692;nvidiagpu;0;Control;0;29
21;21001077281;2692;ram;N/A;Data;1;5,54155
21;21001077281;2692;lpc;nct6791d;Temperature;6;56
21;21001077281;2692;lpc;nct6791d;Voltage;14;0,504
21;21001077281;2692;lpc;nct6791d;Temperature;3;55
21;21001077281;2692;intelcpu;0;Load;0;26,5625
21;21001077281;2692;lpc;nct6791d;Voltage;12;0,52
21;21001077281;2692;lpc;nct6791d;Voltage;13;0,288
21;21001077281;2692;lpc;nct6791d;Temperature;1;47
21;21001077281;2692;lpc;nct6791d;Voltage;2;3,376
21;21001077281;2692;lpc;nct6791d;Voltage;11;1
21;21001077281;2692;nvidiagpu;0;Load;0;47
21;21001077281;2692;lpc;nct6791d;Voltage;0;0,8800001
21;21001077281;2692;nvidiagpu;0;SmallData;1;2732,773
21;21001077281;2692;lpc;nct6791d;Voltage;4;1
21;21001077281;2692;hdd;0;Data;0;-115,5128
21;21001077281;2692;intelcpu;0;Temperature;0;63
21;21001077281;2692;lpc;nct6791d;Control;2;80,78432
21;21001077281;2692;nvidiagpu;0;Fan;0;906
21;21001077281;2692;intelcpu;0;Power;1;25,83557
21;21001077281;2692;intelcpu;0;Temperature;4;63
21;21001077281;2692;intelcpu;0;Load;4;16,40625
21;21001077281;2692;hdd;1;Load;0;82,90601
21;21001077281;2692;nvidiagpu;0;SmallData;3;3072
21;21001077281;2692;lpc;nct6791d;Temperature;5;26
21;21001077281;2692;lpc;nct6791d;Voltage;8;3,312
21;21001077281;2692;lpc;nct6791d;Fan;3;1073
21;21001077281;2692;lpc;nct6791d;Voltage;6;0,44
21;21001077281;2692;intelcpu;0;Clock;4;3497,975
21;21001077281;2692;intelcpu;0;Temperature;2;60
21;21001077281;2692;lpc;nct6791d;Control;4;80,78432
21;21001077281;2692;nvidiagpu;0;Clock;1;4006,8
21;21001077281;2692;intelcpu;0;Power;3;1,470626
21;21001077281;2692;intelcpu;0;Clock;2;3697,86
21;21001077281;2692;intelcpu;0;Load;2;28,125
21;21001077281;2692;nvidiagpu;0;Load;2;0
21;21001077281;2692;ram;N/A;Data;0;2,398075
21;21001077281;2692;lpc;nct6791d;Temperature;0;51
21;21001077281;2692;lpc;nct6791d;Control;1;54,11765
21;21001077281;2692;lpc;nct6791d;Temperature;2;34
21;21001077281;2692;lpc;nct6791d;Fan;0;969
22;22001307968;2722;lpc;nct6791d;Fan;1;1214
22;22001307968;2722;lpc;nct6791d;Voltage;9;1,008
22;22001307968;2722;lpc;nct6791d;Voltage;1;1,008
22;22001307968;2722;nvidiagpu;0;Load;3;11,04253
22;22001307968;2722;lpc;nct6791d;Voltage;5;2
22;22001307968;2722;hdd;0;Load;0;66,94821
22;22001307968;2722;intelcpu;0;Temperature;1;60
22;22001307968;2722;lpc;nct6791d;Control;3;80,78432
22;22001307968;2722;nvidiagpu;0;Clock;0;1936
22;22001307968;2722;intelcpu;0;Power;2;0
22;22001307968;2722;intelcpu;0;Clock;1;3497,975
22;22001307968;2722;intelcpu;0;Load;1;35,15625
22;22001307968;2722;nvidiagpu;0;Load;1;6
22;22001307968;2722;ram;N/A;Load;0;30,19668
22;22001307968;2722;lpc;nct6791d;Fan;2;960
22;22001307968;2722;nvidiagpu;0;SmallData;2;339,2266
22;22001307968;2722;lpc;nct6791d;Voltage;3;3,376
22;22001307968;2722;hdd;0;Temperature;0;29
22;22001307968;2722;lpc;nct6791d;Control;0;80,78432
22;22001307968;2722;lpc;nct6791d;Voltage;7;3,456
22;22001307968;2722;hdd;1;Temperature;0;31
22;22001307968;2722;nvidiagpu;0;Temperature;0;58
22;22001307968;2722;intelcpu;0;Power;0;36,82121
22;22001307968;2722;intelcpu;0;Temperature;3;61
22;22001307968;2722;lpc;nct6791d;Control;5;100
22;22001307968;2722;nvidiagpu;0;Clock;2;3872
22;22001307968;2722;intelcpu;0;Clock;0;99,94214
22;22001307968;2722;intelcpu;0;Clock;3;3497,975
22;22001307968;2722;intelcpu;0;Load;3;28,90625
22;22001307968;2722;nvidiagpu;0;Control;0;29
22;22001307968;2722;ram;N/A;Data;1;5,542122
22;22001307968;2722;lpc;nct6791d;Temperature;6;57
22;22001307968;2722;lpc;nct6791d;Voltage;14;0,512
22;22001307968;2722;lpc;nct6791d;Temperature;3;57
22;22001307968;2722;intelcpu;0;Load;0;30,27344
22;22001307968;2722;lpc;nct6791d;Voltage;12;0,52
22;22001307968;2722;lpc;nct6791d;Voltage;13;0,512
22;22001307968;2722;lpc;nct6791d;Temperature;1;47,5
22;22001307968;2722;lpc;nct6791d;Voltage;2;3,376
22;22001307968;2722;lpc;nct6791d;Voltage;11;1
22;22001307968;2722;nvidiagpu;0;Load;0;52
22;22001307968;2722;lpc;nct6791d;Voltage;0;0,8800001
22;22001307968;2722;nvidiagpu;0;SmallData;1;2732,773
22;22001307968;2722;lpc;nct6791d;Voltage;4;1
22;22001307968;2722;hdd;0;Data;0;-115,5107
22;22001307968;2722;intelcpu;0;Temperature;0;62
22;22001307968;2722;lpc;nct6791d;Control;2;80,78432
22;22001307968;2722;nvidiagpu;0;Fan;0;904
22;22001307968;2722;intelcpu;0;Power;1;25,73323
22;22001307968;2722;intelcpu;0;Temperature;4;62
22;22001307968;2722;intelcpu;0;Load;4;25
22;22001307968;2722;hdd;1;Load;0;82,90601
22;22001307968;2722;nvidiagpu;0;SmallData;3;3072
22;22001307968;2722;lpc;nct6791d;Temperature;5;26
22;22001307968;2722;lpc;nct6791d;Voltage;8;3,312
22;22001307968;2722;lpc;nct6791d;Fan;3;1047
22;22001307968;2722;lpc;nct6791d;Voltage;6;0,448
22;22001307968;2722;intelcpu;0;Clock;4;3497,975
22;22001307968;2722;intelcpu;0;Temperature;2;60
22;22001307968;2722;lpc;nct6791d;Control;4;80,78432
22;22001307968;2722;nvidiagpu;0;Clock;1;4006,8
22;22001307968;2722;intelcpu;0;Power;3;1,476028
22;22001307968;2722;intelcpu;0;Clock;2;3497,975
22;22001307968;2722;intelcpu;0;Load;2;32,03125
22;22001307968;2722;nvidiagpu;0;Load;2;0
22;22001307968;2722;ram;N/A;Data;0;2,397503
22;22001307968;2722;lpc;nct6791d;Temperature;0;51
22;22001307968;2722;lpc;nct6791d;Control;1;54,11765
22;22001307968;2722;lpc;nct6791d;Temperature;2;34
22;22001307968;2722;lpc;nct6791d;Fan;0;964
23;23001181800;2712;lpc;nct6791d;Fan;1;1174
23;23001181800;2712;lpc;nct6791d;Voltage;9;1,008
23;23001181800;2712;lpc;nct6791d;Voltage;1;1,008
23;23001181800;2712;nvidiagpu;0;Load;3;11,04253
23;23001181800;2712;lpc;nct6791d;Voltage;5;2,008
23;23001181800;2712;hdd;0;Load;0;66,94821
23;23001181800;2712;intelcpu;0;Temperature;1;59
23;23001181800;2712;lpc;nct6791d;Control;3;80,78432
23;23001181800;2712;nvidiagpu;0;Clock;0;1936
23;23001181800;2712;intelcpu;0;Power;2;0
23;23001181800;2712;intelcpu;0;Clock;1;3597,917
23;23001181800;2712;intelcpu;0;Load;1;31,25
23;23001181800;2712;nvidiagpu;0;Load;1;6
23;23001181800;2712;ram;N/A;Load;0;30,1962
23;23001181800;2712;lpc;nct6791d;Fan;2;956
23;23001181800;2712;nvidiagpu;0;SmallData;2;339,2266
23;23001181800;2712;lpc;nct6791d;Voltage;3;3,376
23;23001181800;2712;hdd;0;Temperature;0;29
23;23001181800;2712;lpc;nct6791d;Control;0;80,78432
23;23001181800;2712;lpc;nct6791d;Voltage;7;3,456
23;23001181800;2712;hdd;1;Temperature;0;31
23;23001181800;2712;nvidiagpu;0;Temperature;0;58
23;23001181800;2712;intelcpu;0;Power;0;36,79741
23;23001181800;2712;intelcpu;0;Temperature;3;58
23;23001181800;2712;lpc;nct6791d;Control;5;100
23;23001181800;2712;nvidiagpu;0;Clock;2;3872
23;23001181800;2712;intelcpu;0;Clock;0;99,94214
23;23001181800;2712;intelcpu;0;Clock;3;3497,975
23;23001181800;2712;intelcpu;0;Load;3;19,53125
23;23001181800;2712;nvidiagpu;0;Control;0;29
23;23001181800;2712;ram;N/A;Data;1;5,54216
23;23001181800;2712;lpc;nct6791d;Temperature;6;56
23;23001181800;2712;lpc;nct6791d;Voltage;14;0,512
23;23001181800;2712;lpc;nct6791d;Temperature;3;61
23;23001181800;2712;intelcpu;0;Load;0;24,41406
23;23001181800;2712;lpc;nct6791d;Voltage;12;0,512
23;23001181800;2712;lpc;nct6791d;Voltage;13;0,512
23;23001181800;2712;lpc;nct6791d;Temperature;1;47,5
23;23001181800;2712;lpc;nct6791d;Voltage;2;3,376
23;23001181800;2712;lpc;nct6791d;Voltage;11;1
23;23001181800;2712;nvidiagpu;0;Load;0;52
23;23001181800;2712;lpc;nct6791d;Voltage;0;0,8800001
23;23001181800;2712;nvidiagpu;0;SmallData;1;2732,773
23;23001181800;2712;lpc;nct6791d;Voltage;4;1
23;23001181800;2712;hdd;0;Data;0;-115,5107
23;23001181800;2712;intelcpu;0;Temperature;0;63
23;23001181800;2712;lpc;nct6791d;Control;2;80,78432
23;23001181800;2712;nvidiagpu;0;Fan;0;906
23;23001181800;2712;intelcpu;0;Power;1;25,73172
23;23001181800;2712;intelcpu;0;Temperature;4;63
23;23001181800;2712;intelcpu;0;Load;4;18,75
23;23001181800;2712;hdd;1;Load;0;82,90601
23;23001181800;2712;nvidiagpu;0;SmallData;3;3072
23;23001181800;2712;lpc;nct6791d;Temperature;5;26
23;23001181800;2712;lpc;nct6791d;Voltage;8;3,312
23;23001181800;2712;lpc;nct6791d;Fan;3;1059
23;23001181800;2712;lpc;nct6791d;Voltage;6;0,512
23;23001181800;2712;intelcpu;0;Clock;4;3497,975
23;23001181800;2712;intelcpu;0;Temperature;2;61
23;23001181800;2712;lpc;nct6791d;Control;4;80,78432
23;23001181800;2712;nvidiagpu;0;Clock;1;4006,8
23;23001181800;2712;intelcpu;0;Power;3;1,470844
23;23001181800;2712;intelcpu;0;Clock;2;3497,975
23;23001181800;2712;intelcpu;0;Load;2;28,125
23;23001181800;2712;nvidiagpu;0;Load;2;0
23;23001181800;2712;ram;N/A;Data;0;2,397465
23;23001181800;2712;lpc;nct6791d;Temperature;0;51
23;23001181800;2712;lpc;nct6791d;Control;1;54,11765
23;23001181800;2712;lpc;nct6791d;Temperature;2;34
23;23001181800;2712;lpc;nct6791d;Fan;0;964
24;24001298324;2675;lpc;nct6791d;Fan;1;1194
24;24001298324;2675;lpc;nct6791d;Voltage;9;1,008
24;24001298324;2675;lpc;nct6791d;Voltage;1;1,008
24;24001298324;2675;nvidiagpu;0;Load;3;11,04253
24;24001298324;2675;lpc;nct6791d;Voltage;5;2,008
24;24001298324;2675;hdd;0;Load;0;66,94821
24;24001298324;2675;intelcpu;0;Temperature;1;61
24;24001298324;2675;lpc;nct6791d;Control;3;80,78432
24;24001298324;2675;nvidiagpu;0;Clock;0;1936
24;24001298324;2675;intelcpu;0;Power;2;0
24;24001298324;2675;intelcpu;0;Clock;1;3497,975
24;24001298324;2675;intelcpu;0;Load;1;25
24;24001298324;2675;nvidiagpu;0;Load;1;5
24;24001298324;2675;ram;N/A;Load;0;30,1962
24;24001298324;2675;lpc;nct6791d;Fan;2;956
24;24001298324;2675;nvidiagpu;0;SmallData;2;339,2266
24;24001298324;2675;lpc;nct6791d;Voltage;3;3,376
24;24001298324;2675;hdd;0;Temperature;0;29
24;24001298324;2675;lpc;nct6791d;Control;0;80,78432
24;24001298324;2675;lpc;nct6791d;Voltage;7;3,456
24;24001298324;2675;hdd;1;Temperature;0;31
24;24001298324;2675;nvidiagpu;0;Temperature;0;58
24;24001298324;2675;intelcpu;0;Power;0;36,80977
24;24001298324;2675;intelcpu;0;Temperature;3;60
24;24001298324;2675;lpc;nct6791d;Control;5;100
24;24001298324;2675;nvidiagpu;0;Clock;2;3872
24;24001298324;2675;intelcpu;0;Clock;0;99,94213
24;24001298324;2675;intelcpu;0;Clock;3;3497,975
24;24001298324;2675;intelcpu;0;Load;3;17,96875
24;24001298324;2675;nvidiagpu;0;Control;0;29
24;24001298324;2675;ram;N/A;Data;1;5,54216
24;24001298324;2675;lpc;nct6791d;Temperature;6;56
24;24001298324;2675;lpc;nct6791d;Voltage;14;0,512
24;24001298324;2675;lpc;nct6791d;Temperature;3;84
24;24001298324;2675;intelcpu;0;Load;0;21,48438
24;24001298324;2675;lpc;nct6791d;Voltage;12;0,44
24;24001298324;2675;lpc;nct6791d;Voltage;13;0,512
24;24001298324;2675;lpc;nct6791d;Temperature;1;47,5
24;24001298324;2675;lpc;nct6791d;Voltage;2;3,376
24;24001298324;2675;lpc;nct6791d;Voltage;11;1
24;24001298324;2675;nvidiagpu;0;Load;0;45
24;24001298324;2675;lpc;nct6791d;Voltage;0;0,8800001
24;24001298324;2675;nvidiagpu;0;SmallData;1;2732,773
24;24001298324;2675;lpc;nct6791d;Voltage;4;1
24;24001298324;2675;hdd;0;Data;0;-115,5107
24;24001298324;2675;intelcpu;0;Temperature;0;63
24;24001298324;2675;lpc;nct6791d;Control;2;80,78432
24;24001298324;2675;nvidiagpu;0;Fan;0;905
24;24001298324;2675;intelcpu;0;Power;1;25,67623
24;24001298324;2675;intelcpu;0;Temperature;4;63
24;24001298324;2675;intelcpu;0;Load;4;21,09375
24;24001298324;2675;hdd;1;Load;0;82,90601
24;24001298324;2675;nvidiagpu;0;SmallData;3;3072
24;24001298324;2675;lpc;nct6791d;Temperature;5;26
24;24001298324;2675;lpc;nct6791d;Voltage;8;3,312
24;24001298324;2675;lpc;nct6791d;Fan;3;1047
24;24001298324;2675;lpc;nct6791d;Voltage;6;0,432
24;24001298324;2675;intelcpu;0;Clock;4;3497,975
24;24001298324;2675;intelcpu;0;Temperature;2;60
24;24001298324;2675;lpc;nct6791d;Control;4;80,78432
24;24001298324;2675;nvidiagpu;0;Clock;1;4006,8
24;24001298324;2675;intelcpu;0;Power;3;1,467175
24;24001298324;2675;intelcpu;0;Clock;2;3497,975
24;24001298324;2675;intelcpu;0;Load;2;21,875
24;24001298324;2675;nvidiagpu;0;Load;2;0
24;24001298324;2675;ram;N/A;Data;0;2,397465
24;24001298324;2675;lpc;nct6791d;Temperature;0;51,5
24;24001298324;2675;lpc;nct6791d;Control;1;54,11765
24;24001298324;2675;lpc;nct6791d;Temperature;2;34
24;24001298324;2675;lpc;nct6791d;Fan;0;967
25;25001242419;2722;lpc;nct6791d;Fan;1;1196
25;25001242419;2722;lpc;nct6791d;Voltage;9;1,008
25;25001242419;2722;lpc;nct6791d;Voltage;1;1,016
25;25001242419;2722;nvidiagpu;0;Load;3;11,04253
25;25001242419;2722;lpc;nct6791d;Voltage;5;2,008
25;25001242419;2722;hdd;0;Load;0;66,94821
25;25001242419;2722;intelcpu;0;Temperature;1;62
25;25001242419;2722;lpc;nct6791d;Control;3;80,78432
25;25001242419;2722;nvidiagpu;0;Clock;0;1936
25;25001242419;2722;intelcpu;0;Power;2;0
25;25001242419;2722;intelcpu;0;Clock;1;3497,975
25;25001242419;2722;intelcpu;0;Load;1;40,625
25;25001242419;2722;nvidiagpu;0;Load;1;6
25;25001242419;2722;ram;N/A;Load;0;30,1962
25;25001242419;2722;lpc;nct6791d;Fan;2;956
25;25001242419;2722;nvidiagpu;0;SmallData;2;339,2266
25;25001242419;2722;lpc;nct6791d;Voltage;3;3,376
25;25001242419;2722;hdd;0;Temperature;0;29
25;25001242419;2722;lpc;nct6791d;Control;0;80,78432
25;25001242419;2722;lpc;nct6791d;Voltage;7;3,456
25;25001242419;2722;hdd;1;Temperature;0;31
25;25001242419;2722;nvidiagpu;0;Temperature;0;58
25;25001242419;2722;intelcpu;0;Power;0;37,07035
25;25001242419;2722;intelcpu;0;Temperature;3;61
25;25001242419;2722;lpc;nct6791d;Control;5;100
25;25001242419;2722;nvidiagpu;0;Clock;2;3872
25;25001242419;2722;intelcpu;0;Clock;0;99,94215
25;25001242419;2722;intelcpu;0;Clock;3;3497,975
25;25001242419;2722;intelcpu;0;Load;3;31,25
25;25001242419;2722;nvidiagpu;0;Control;0;29
25;25001242419;2722;ram;N/A;Data;1;5,54216
25;25001242419;2722;lpc;nct6791d;Temperature;6;57
25;25001242419;2722;lpc;nct6791d;Voltage;14;0,504
25;25001242419;2722;lpc;nct6791d;Temperature;3;63
25;25001242419;2722;intelcpu;0;Load;0;33,98438
25;25001242419;2722;lpc;nct6791d;Voltage;12;0,52
25;25001242419;2722;lpc;nct6791d;Voltage;13;0,504
25;25001242419;2722;lpc;nct6791d;Temperature;1;47,5
25;25001242419;2722;lpc;nct6791d;Voltage;2;3,376
25;25001242419;2722;lpc;nct6791d;Voltage;11;1
25;25001242419;2722;nvidiagpu;0;Load;0;52
25;25001242419;2722;lpc;nct6791d;Voltage;0;0,8800001
25;25001242419;2722;nvidiagpu;0;SmallData;1;2732,773
25;25001242419;2722;lpc;nct6791d;Voltage;4;1
25;25001242419;2722;hdd;0;Data;0;-115,5107
25;25001242419;2722;intelcpu;0;Temperature;0;63
25;25001242419;2722;lpc;nct6791d;Control;2;80,78432
25;25001242419;2722;nvidiagpu;0;Fan;0;904
25;25001242419;2722;intelcpu;0;Power;1;25,94142
25;25001242419;2722;intelcpu;0;Temperature;4;63
25;25001242419;2722;intelcpu;0;Load;4;29,6875
25;25001242419;2722;hdd;1;Load;0;82,90601
25;25001242419;2722;nvidiagpu;0;SmallData;3;3072
25;25001242419;2722;lpc;nct6791d;Temperature;5;26
25;25001242419;2722;lpc;nct6791d;Voltage;8;3,312
25;25001242419;2722;lpc;nct6791d;Fan;3;1059
25;25001242419;2722;lpc;nct6791d;Voltage;6;0,504
25;25001242419;2722;intelcpu;0;Clock;4;3697,859
25;25001242419;2722;intelcpu;0;Temperature;2;60
25;25001242419;2722;lpc;nct6791d;Control;4;80,78432
25;25001242419;2722;nvidiagpu;0;Clock;1;4006,8
25;25001242419;2722;intelcpu;0;Power;3;1,472084
25;25001242419;2722;intelcpu;0;Clock;2;3697,859
25;25001242419;2722;intelcpu;0;Load;2;34,375
25;25001242419;2722;nvidiagpu;0;Load;2;0
25;25001242419;2722;ram;N/A;Data;0;2,397465
25;25001242419;2722;lpc;nct6791d;Temperature;0;51,5
25;25001242419;2722;lpc;nct6791d;Control;1;54,11765
25;25001242419;2722;lpc;nct6791d;Temperature;2;34
25;25001242419;2722;lpc;nct6791d;Fan;0;969
26;26001268167;2730;lpc;nct6791d;Fan;1;1178
26;26001268167;2730;lpc;nct6791d;Voltage;9;1,008
26;26001268167;2730;lpc;nct6791d;Voltage;1;1,008
26;26001268167;2730;nvidiagpu;0;Load;3;11,04253
26;26001268167;2730;lpc;nct6791d;Voltage;5;2
26;26001268167;2730;hdd;0;Load;0;66,94821
26;26001268167;2730;intelcpu;0;Temperature;1;60
26;26001268167;2730;lpc;nct6791d;Control;3;80,78432
26;26001268167;2730;nvidiagpu;0;Clock;0;1936
26;26001268167;2730;intelcpu;0;Power;2;0
26;26001268167;2730;intelcpu;0;Clock;1;3497,975
26;26001268167;2730;intelcpu;0;Load;1;27,34375
26;26001268167;2730;nvidiagpu;0;Load;1;6
26;26001268167;2730;ram;N/A;Load;0;30,19596
26;26001268167;2730;lpc;nct6791d;Fan;2;960
26;26001268167;2730;nvidiagpu;0;SmallData;2;339,2266
26;26001268167;2730;lpc;nct6791d;Voltage;3;3,376
26;26001268167;2730;hdd;0;Temperature;0;29
26;26001268167;2730;lpc;nct6791d;Control;0;80,78432
26;26001268167;2730;lpc;nct6791d;Voltage;7;3,456
26;26001268167;2730;hdd;1;Temperature;0;31
26;26001268167;2730;nvidiagpu;0;Temperature;0;58
26;26001268167;2730;intelcpu;0;Power;0;36,90931
26;26001268167;2730;intelcpu;0;Temperature;3;60
26;26001268167;2730;lpc;nct6791d;Control;5;100
26;26001268167;2730;nvidiagpu;0;Clock;2;3872
26;26001268167;2730;intelcpu;0;Clock;0;99,94215
26;26001268167;2730;intelcpu;0;Clock;3;3697,86
26;26001268167;2730;intelcpu;0;Load;3;24,21875
26;26001268167;2730;nvidiagpu;0;Control;0;29
26;26001268167;2730;ram;N/A;Data;1;5,542179
26;26001268167;2730;lpc;nct6791d;Temperature;6;57
26;26001268167;2730;lpc;nct6791d;Voltage;14;0,496
26;26001268167;2730;lpc;nct6791d;Temperature;3;84
26;26001268167;2730;intelcpu;0;Load;0;24,60938
26;26001268167;2730;lpc;nct6791d;Voltage;12;0,456
26;26001268167;2730;lpc;nct6791d;Voltage;13;0,504
26;26001268167;2730;lpc;nct6791d;Temperature;1;47,5
26;26001268167;2730;lpc;nct6791d;Voltage;2;3,376
26;26001268167;2730;lpc;nct6791d;Voltage;11;1
26;26001268167;2730;nvidiagpu;0;Load;0;52
26;26001268167;2730;lpc;nct6791d;Voltage;0;0,8800001
26;26001268167;2730;nvidiagpu;0;SmallData;1;2732,773
26;26001268167;2730;lpc;nct6791d;Voltage;4;1
26;26001268167;2730;hdd;0;Data;0;-115,5107
26;26001268167;2730;intelcpu;0;Temperature;0;63
26;26001268167;2730;lpc;nct6791d;Control;2;80,78432
26;26001268167;2730;nvidiagpu;0;Fan;0;906
26;26001268167;2730;intelcpu;0;Power;1;25,84539
26;26001268167;2730;intelcpu;0;Temperature;4;63
26;26001268167;2730;intelcpu;0;Load;4;23,4375
26;26001268167;2730;hdd;1;Load;0;82,90601
26;26001268167;2730;nvidiagpu;0;SmallData;3;3072
26;26001268167;2730;lpc;nct6791d;Temperature;5;26
26;26001268167;2730;lpc;nct6791d;Voltage;8;3,312
26;26001268167;2730;lpc;nct6791d;Fan;3;1047
26;26001268167;2730;lpc;nct6791d;Voltage;6;0,408
26;26001268167;2730;intelcpu;0;Clock;4;3497,975
26;26001268167;2730;intelcpu;0;Temperature;2;59
26;26001268167;2730;lpc;nct6791d;Control;4;80,78432
26;26001268167;2730;nvidiagpu;0;Clock;1;4006,8
26;26001268167;2730;intelcpu;0;Power;3;1,474258
26;26001268167;2730;intelcpu;0;Clock;2;3697,86
26;26001268167;2730;intelcpu;0;Load;2;23,4375
26;26001268167;2730;nvidiagpu;0;Load;2;0
26;26001268167;2730;ram;N/A;Data;0;2,397446
26;26001268167;2730;lpc;nct6791d;Temperature;0;51,5
26;26001268167;2730;lpc;nct6791d;Control;1;54,11765
26;26001268167;2730;lpc;nct6791d;Temperature;2;34
26;26001268167;2730;lpc;nct6791d;Fan;0;961
27;27001037767;2695;lpc;nct6791d;Fan;1;1188
27;27001037767;2695;lpc;nct6791d;Voltage;9;1,008
27;27001037767;2695;lpc;nct6791d;Voltage;1;1,008
27;27001037767;2695;nvidiagpu;0;Load;3;11,04253
27;27001037767;2695;lpc;nct6791d;Voltage;5;2
27;27001037767;2695;hdd;0;Load;0;66,94821
27;27001037767;2695;intelcpu;0;Temperature;1;60
27;27001037767;2695;lpc;nct6791d;Control;3;80,78432
27;27001037767;2695;nvidiagpu;0;Clock;0;1936
27;27001037767;2695;intelcpu;0;Power;2;0
27;27001037767;2695;intelcpu;0;Clock;1;3497,974
27;27001037767;2695;intelcpu;0;Load;1;25
27;27001037767;2695;nvidiagpu;0;Load;1;5
27;27001037767;2695;ram;N/A;Load;0;30,19596
27;27001037767;2695;lpc;nct6791d;Fan;2;960
27;27001037767;2695;nvidiagpu;0;SmallData;2;339,2266
27;27001037767;2695;lpc;nct6791d;Voltage;3;3,376
27;27001037767;2695;hdd;0;Temperature;0;29
27;27001037767;2695;lpc;nct6791d;Control;0;80,78432
27;27001037767;2695;lpc;nct6791d;Voltage;7;3,456
27;27001037767;2695;hdd;1;Temperature;0;31
27;27001037767;2695;nvidiagpu;0;Temperature;0;58
27;27001037767;2695;intelcpu;0;Power;0;37,02382
27;27001037767;2695;intelcpu;0;Temperature;3;60
27;27001037767;2695;lpc;nct6791d;Control;5;100
27;27001037767;2695;nvidiagpu;0;Clock;2;3872
27;27001037767;2695;intelcpu;0;Clock;0;99,94212
27;27001037767;2695;intelcpu;0;Clock;3;3497,974
27;27001037767;2695;intelcpu;0;Load;3;23,4375
27;27001037767;2695;nvidiagpu;0;Control;0;29
27;27001037767;2695;ram;N/A;Data;1;5,542179
27;27001037767;2695;lpc;nct6791d;Temperature;6;63
27;27001037767;2695;lpc;nct6791d;Voltage;14;0,504
27;27001037767;2695;lpc;nct6791d;Temperature;3;58
27;27001037767;2695;intelcpu;0;Load;0;24,02344
27;27001037767;2695;lpc;nct6791d;Voltage;12;0,512
27;27001037767;2695;lpc;nct6791d;Voltage;13;0,448
27;27001037767;2695;lpc;nct6791d;Temperature;1;47,5
27;27001037767;2695;lpc;nct6791d;Voltage;2;3,376
27;27001037767;2695;lpc;nct6791d;Voltage;11;1
27;27001037767;2695;nvidiagpu;0;Load;0;48
27;27001037767;2695;lpc;nct6791d;Voltage;0;0,8800001
27;27001037767;2695;nvidiagpu;0;SmallData;1;2732,773
27;27001037767;2695;lpc;nct6791d;Voltage;4;1
27;27001037767;2695;hdd;0;Data;0;-115,5107
27;27001037767;2695;intelcpu;0;Temperature;0;64
27;27001037767;2695;lpc;nct6791d;Control;2;80,78432
27;27001037767;2695;nvidiagpu;0;Fan;0;904
27;27001037767;2695;intelcpu;0;Power;1;25,87318
27;27001037767;2695;intelcpu;0;Temperature;4;64
27;27001037767;2695;intelcpu;0;Load;4;21,875
27;27001037767;2695;hdd;1;Load;0;82,90601
27;27001037767;2695;nvidiagpu;0;SmallData;3;3072
27;27001037767;2695;lpc;nct6791d;Temperature;5;26
27;27001037767;2695;lpc;nct6791d;Voltage;8;3,312
27;27001037767;2695;lpc;nct6791d;Fan;3;1059
27;27001037767;2695;lpc;nct6791d;Voltage;6;0,44
27;27001037767;2695;intelcpu;0;Clock;4;3497,974
27;27001037767;2695;intelcpu;0;Temperature;2;59
27;27001037767;2695;lpc;nct6791d;Control;4;80,78432
27;27001037767;2695;nvidiagpu;0;Clock;1;4006,8
27;27001037767;2695;intelcpu;0;Power;3;1,471461
27;27001037767;2695;intelcpu;0;Clock;2;3497,974
27;27001037767;2695;intelcpu;0;Load;2;25,78125
27;27001037767;2695;nvidiagpu;0;Load;2;0
27;27001037767;2695;ram;N/A;Data;0;2,397446
27;27001037767;2695;lpc;nct6791d;Temperature;0;51
27;27001037767;2695;lpc;nct6791d;Control;1;54,11765
27;27001037767;2695;lpc;nct6791d;Temperature;2;34
27;27001037767;2695;lpc;nct6791d;Fan;0;968
28;28001081087;2726;lpc;nct6791d;Fan;1;1196
28;28001081087;2726;lpc;nct6791d;Voltage;9;1,008
28;28001081087;2726;lpc;nct6791d;Voltage;1;1,008
28;28001081087;2726;nvidiagpu;0;Load;3;11,04253
28;28001081087;2726;lpc;nct6791d;Voltage;5;2,008
28;28001081087;2726;hdd;0;Load;0;66,94821
28;28001081087;2726;intelcpu;0;Temperature;1;60
28;28001081087;2726;lpc;nct6791d;Control;3;80,78432
28;28001081087;2726;nvidiagpu;0;Clock;0;1936
28;28001081087;2726;intelcpu;0;Power;2;0
28;28001081087;2726;intelcpu;0;Clock;1;3697,859
28;28001081087;2726;intelcpu;0;Load;1;34,375
28;28001081087;2726;nvidiagpu;0;Load;1;6
28;28001081087;2726;ram;N/A;Load;0;30,19596
28;28001081087;2726;lpc;nct6791d;Fan;2;960
28;28001081087;2726;nvidiagpu;0;SmallData;2;339,2266
28;28001081087;2726;lpc;nct6791d;Voltage;3;3,376
28;28001081087;2726;hdd;0;Temperature;0;29
28;28001081087;2726;lpc;nct6791d;Control;0;80,78432
28;28001081087;2726;lpc;nct6791d;Voltage;7;3,456
28;28001081087;2726;hdd;1;Temperature;0;31
28;28001081087;2726;nvidiagpu;0;Temperature;0;58
28;28001081087;2726;intelcpu;0;Power;0;37,06145
28;28001081087;2726;intelcpu;0;Temperature;3;60
28;28001081087;2726;lpc;nct6791d;Control;5;100
28;28001081087;2726;nvidiagpu;0;Clock;2;3872
28;28001081087;2726;intelcpu;0;Clock;0;99,94213
28;28001081087;2726;intelcpu;0;Clock;3;3797,801
28;28001081087;2726;intelcpu;0;Load;3;25,78125
28;28001081087;2726;nvidiagpu;0;Control;0;29
28;28001081087;2726;ram;N/A;Data;1;5,542179
28;28001081087;2726;lpc;nct6791d;Temperature;6;57
28;28001081087;2726;lpc;nct6791d;Voltage;14;0,528
28;28001081087;2726;lpc;nct6791d;Temperature;3;69
28;28001081087;2726;intelcpu;0;Load;0;25,97656
28;28001081087;2726;lpc;nct6791d;Voltage;12;0,504
28;28001081087;2726;lpc;nct6791d;Voltage;13;0,448
28;28001081087;2726;lpc;nct6791d;Temperature;1;47,5
28;28001081087;2726;lpc;nct6791d;Voltage;2;3,376
28;28001081087;2726;lpc;nct6791d;Voltage;11;1
28;28001081087;2726;nvidiagpu;0;Load;0;52
28;28001081087;2726;lpc;nct6791d;Voltage;0;0,8800001
28;28001081087;2726;nvidiagpu;0;SmallData;1;2732,773
28;28001081087;2726;lpc;nct6791d;Voltage;4;1
28;28001081087;2726;hdd;0;Data;0;-115,5107
28;28001081087;2726;intelcpu;0;Temperature;0;63
28;28001081087;2726;lpc;nct6791d;Control;2;80,78432
28;28001081087;2726;nvidiagpu;0;Fan;0;906
28;28001081087;2726;intelcpu;0;Power;1;25,95461
28;28001081087;2726;intelcpu;0;Temperature;4;63
28;28001081087;2726;intelcpu;0;Load;4;17,1875
28;28001081087;2726;hdd;1;Load;0;82,90601
28;28001081087;2726;nvidiagpu;0;SmallData;3;3072
28;28001081087;2726;lpc;nct6791d;Temperature;5;26
28;28001081087;2726;lpc;nct6791d;Voltage;8;3,312
28;28001081087;2726;lpc;nct6791d;Fan;3;1059
28;28001081087;2726;lpc;nct6791d;Voltage;6;0,512
28;28001081087;2726;intelcpu;0;Clock;4;3497,975
28;28001081087;2726;intelcpu;0;Temperature;2;60
28;28001081087;2726;lpc;nct6791d;Control;4;80,78432
28;28001081087;2726;nvidiagpu;0;Clock;1;4006,8
28;28001081087;2726;intelcpu;0;Power;3;1,47352
28;28001081087;2726;intelcpu;0;Clock;2;3697,859
28;28001081087;2726;intelcpu;0;Load;2;26,5625
28;28001081087;2726;nvidiagpu;0;Load;2;0
28;28001081087;2726;ram;N/A;Data;0;2,397446
28;28001081087;2726;lpc;nct6791d;Temperature;0;51,5
28;28001081087;2726;lpc;nct6791d;Control;1;54,11765
28;28001081087;2726;lpc;nct6791d;Temperature;2;34
28;28001081087;2726;lpc;nct6791d;Fan;0;969
29;29001573174;2725;lpc;nct6791d;Fan;1;1173
29;29001573174;2725;lpc;nct6791d;Voltage;9;1,008
29;29001573174;2725;lpc;nct6791d;Voltage;1;1,016
29;29001573174;2725;nvidiagpu;0;Load;3;11,04253
29;29001573174;2725;lpc;nct6791d;Voltage;5;2,008
29;29001573174;2725;hdd;0;Load;0;66,94821
29;29001573174;2725;intelcpu;0;Temperature;1;59
29;29001573174;2725;lpc;nct6791d;Control;3;80,78432
29;29001573174;2725;nvidiagpu;0;Clock;0;1936
29;29001573174;2725;intelcpu;0;Power;2;0
29;29001573174;2725;intelcpu;0;Clock;1;3697,859
29;29001573174;2725;intelcpu;0;Load;1;36,71875
29;29001573174;2725;nvidiagpu;0;Load;1;6
29;29001573174;2725;ram;N/A;Load;0;30,19596
29;29001573174;2725;lpc;nct6791d;Fan;2;960
29;29001573174;2725;nvidiagpu;0;SmallData;2;339,2266
29;29001573174;2725;lpc;nct6791d;Voltage;3;3,376
29;29001573174;2725;hdd;0;Temperature;0;29
29;29001573174;2725;lpc;nct6791d;Control;0;80,78432
29;29001573174;2725;lpc;nct6791d;Voltage;7;3,456
29;29001573174;2725;hdd;1;Temperature;0;31
29;29001573174;2725;nvidiagpu;0;Temperature;0;58
29;29001573174;2725;intelcpu;0;Power;0;36,77407
29;29001573174;2725;intelcpu;0;Temperature;3;60
29;29001573174;2725;lpc;nct6791d;Control;5;100
29;29001573174;2725;nvidiagpu;0;Clock;2;3872
29;29001573174;2725;intelcpu;0;Clock;0;99,94215
29;29001573174;2725;intelcpu;0;Clock;3;3497,975
29;29001573174;2725;intelcpu;0;Load;3;22,65625
29;29001573174;2725;nvidiagpu;0;Control;0;29
29;29001573174;2725;ram;N/A;Data;1;5,542179
29;29001573174;2725;lpc;nct6791d;Temperature;6;57
29;29001573174;2725;lpc;nct6791d;Voltage;14;0,504
29;29001573174;2725;lpc;nct6791d;Temperature;3;75
29;29001573174;2725;intelcpu;0;Load;0;25,97656
29;29001573174;2725;lpc;nct6791d;Voltage;12;0,456
29;29001573174;2725;lpc;nct6791d;Voltage;13;0,512
29;29001573174;2725;lpc;nct6791d;Temperature;1;47,5
29;29001573174;2725;lpc;nct6791d;Voltage;2;3,376
29;29001573174;2725;lpc;nct6791d;Voltage;11;1
29;29001573174;2725;nvidiagpu;0;Load;0;52
29;29001573174;2725;lpc;nct6791d;Voltage;0;0,8800001
29;29001573174;2725;nvidiagpu;0;SmallData;1;2732,773
29;29001573174;2725;lpc;nct6791d;Voltage;4;1
29;29001573174;2725;hdd;0;Data;0;-115,5107
29;29001573174;2725;intelcpu;0;Temperature;0;62
29;29001573174;2725;lpc;nct6791d;Control;2;80,78432
29;29001573174;2725;nvidiagpu;0;Fan;0;904
29;29001573174;2725;intelcpu;0;Power;1;25,68942
29;29001573174;2725;intelcpu;0;Temperature;4;62
29;29001573174;2725;intelcpu;0;Load;4;19,53125
29;29001573174;2725;hdd;1;Load;0;82,90601
29;29001573174;2725;nvidiagpu;0;SmallData;3;3072
29;29001573174;2725;lpc;nct6791d;Temperature;5;26
29;29001573174;2725;lpc;nct6791d;Voltage;8;3,312
29;29001573174;2725;lpc;nct6791d;Fan;3;1077
29;29001573174;2725;lpc;nct6791d;Voltage;6;0,464
29;29001573174;2725;intelcpu;0;Clock;4;3497,975
29;29001573174;2725;intelcpu;0;Temperature;2;60
29;29001573174;2725;lpc;nct6791d;Control;4;80,78432
29;29001573174;2725;nvidiagpu;0;Clock;1;4006,8
29;29001573174;2725;intelcpu;0;Power;3;1,471043
29;29001573174;2725;intelcpu;0;Clock;2;3497,975
29;29001573174;2725;intelcpu;0;Load;2;25
29;29001573174;2725;nvidiagpu;0;Load;2;0
29;29001573174;2725;ram;N/A;Data;0;2,397446
29;29001573174;2725;lpc;nct6791d;Temperature;0;51,5
29;29001573174;2725;lpc;nct6791d;Control;1;54,11765
29;29001573174;2725;lpc;nct6791d;Temperature;2;34
29;29001573174;2725;lpc;nct6791d;Fan;0;972
